antecedents,consequents
"GREEN REGENCY TEACUP AND SAUCER, ROSES REGENCY TEACUP AND SAUCER ",PINK REGENCY TEACUP AND SAUCER
PINK REGENCY TEACUP AND SAUCER,"GREEN REGENCY TEACUP AND SAUCER, ROSES REGENCY TEACUP AND SAUCER "
GREEN REGENCY TEACUP AND SAUCER,"PINK REGENCY TEACUP AND SAUCER, ROSES REGENCY TEACUP AND SAUCER "
"PINK REGENCY TEACUP AND SAUCER, ROSES REGENCY TEACUP AND SAUCER ",GREEN REGENCY TEACUP AND SAUCER
GREEN REGENCY TEACUP AND SAUCER,PINK REGENCY TEACUP AND SAUCER
PINK REGENCY TEACUP AND SAUCER,GREEN REGENCY TEACUP AND SAUCER
ROSES REGENCY TEACUP AND SAUCER ,"GREEN REGENCY TEACUP AND SAUCER, PINK REGENCY TEACUP AND SAUCER"
"GREEN REGENCY TEACUP AND SAUCER, PINK REGENCY TEACUP AND SAUCER",ROSES REGENCY TEACUP AND SAUCER 
PINK REGENCY TEACUP AND SAUCER,ROSES REGENCY TEACUP AND SAUCER 
ROSES REGENCY TEACUP AND SAUCER ,PINK REGENCY TEACUP AND SAUCER
ROSES REGENCY TEACUP AND SAUCER ,GREEN REGENCY TEACUP AND SAUCER
GREEN REGENCY TEACUP AND SAUCER,ROSES REGENCY TEACUP AND SAUCER 
GARDENERS KNEELING PAD KEEP CALM ,GARDENERS KNEELING PAD CUP OF TEA 
GARDENERS KNEELING PAD CUP OF TEA ,GARDENERS KNEELING PAD KEEP CALM 
ALARM CLOCK BAKELIKE GREEN,ALARM CLOCK BAKELIKE RED 
ALARM CLOCK BAKELIKE RED ,ALARM CLOCK BAKELIKE GREEN
ALARM CLOCK BAKELIKE PINK,ALARM CLOCK BAKELIKE RED 
ALARM CLOCK BAKELIKE RED ,ALARM CLOCK BAKELIKE PINK
WOODEN FRAME ANTIQUE WHITE ,WOODEN PICTURE FRAME WHITE FINISH
WOODEN PICTURE FRAME WHITE FINISH,WOODEN FRAME ANTIQUE WHITE 
PAPER CHAIN KIT 50'S CHRISTMAS ,PAPER CHAIN KIT VINTAGE CHRISTMAS
PAPER CHAIN KIT VINTAGE CHRISTMAS,PAPER CHAIN KIT 50'S CHRISTMAS 
LUNCH BAG SPACEBOY DESIGN ,LUNCH BAG WOODLAND
LUNCH BAG WOODLAND,LUNCH BAG SPACEBOY DESIGN 
HEART OF WICKER SMALL,HEART OF WICKER LARGE
HEART OF WICKER LARGE,HEART OF WICKER SMALL
LUNCH BAG CARS BLUE,LUNCH BAG PINK POLKADOT
LUNCH BAG PINK POLKADOT,LUNCH BAG CARS BLUE
LUNCH BAG PINK POLKADOT,LUNCH BAG  BLACK SKULL.
LUNCH BAG  BLACK SKULL.,LUNCH BAG PINK POLKADOT
LUNCH BAG SUKI DESIGN ,LUNCH BAG CARS BLUE
LUNCH BAG CARS BLUE,LUNCH BAG SUKI DESIGN 
LUNCH BAG PINK POLKADOT,LUNCH BAG RED RETROSPOT
LUNCH BAG RED RETROSPOT,LUNCH BAG PINK POLKADOT
LUNCH BAG WOODLAND,LUNCH BAG RED RETROSPOT
LUNCH BAG RED RETROSPOT,LUNCH BAG WOODLAND
LUNCH BAG SUKI DESIGN ,LUNCH BAG  BLACK SKULL.
LUNCH BAG  BLACK SKULL.,LUNCH BAG SUKI DESIGN 
LUNCH BAG SPACEBOY DESIGN ,LUNCH BAG SUKI DESIGN 
LUNCH BAG SUKI DESIGN ,LUNCH BAG SPACEBOY DESIGN 
LUNCH BAG SPACEBOY DESIGN ,LUNCH BAG CARS BLUE
LUNCH BAG CARS BLUE,LUNCH BAG SPACEBOY DESIGN 
LUNCH BAG CARS BLUE,LUNCH BAG  BLACK SKULL.
LUNCH BAG  BLACK SKULL.,LUNCH BAG CARS BLUE
JUMBO BAG STRAWBERRY,JUMBO BAG RED RETROSPOT
JUMBO BAG RED RETROSPOT,JUMBO BAG STRAWBERRY
LUNCH BAG PINK POLKADOT,LUNCH BAG SPACEBOY DESIGN 
LUNCH BAG SPACEBOY DESIGN ,LUNCH BAG PINK POLKADOT
LUNCH BAG  BLACK SKULL.,LUNCH BAG SPACEBOY DESIGN 
LUNCH BAG SPACEBOY DESIGN ,LUNCH BAG  BLACK SKULL.
JUMBO BAG PINK POLKADOT,JUMBO BAG RED RETROSPOT
JUMBO BAG RED RETROSPOT,JUMBO BAG PINK POLKADOT
LUNCH BAG SUKI DESIGN ,LUNCH BAG RED RETROSPOT
LUNCH BAG RED RETROSPOT,LUNCH BAG SUKI DESIGN 
LUNCH BAG RED RETROSPOT,LUNCH BAG  BLACK SKULL.
LUNCH BAG  BLACK SKULL.,LUNCH BAG RED RETROSPOT
LUNCH BAG RED RETROSPOT,LUNCH BAG CARS BLUE
LUNCH BAG CARS BLUE,LUNCH BAG RED RETROSPOT
LUNCH BAG RED RETROSPOT,LUNCH BAG SPACEBOY DESIGN 
LUNCH BAG SPACEBOY DESIGN ,LUNCH BAG RED RETROSPOT
JUMBO BAG RED RETROSPOT,JUMBO STORAGE BAG SUKI
JUMBO STORAGE BAG SUKI,JUMBO BAG RED RETROSPOT
JUMBO  BAG BAROQUE BLACK WHITE,JUMBO BAG RED RETROSPOT
JUMBO BAG RED RETROSPOT,JUMBO  BAG BAROQUE BLACK WHITE
REGENCY CAKESTAND 3 TIER,ROSES REGENCY TEACUP AND SAUCER 
ROSES REGENCY TEACUP AND SAUCER ,REGENCY CAKESTAND 3 TIER
JUMBO BAG RED RETROSPOT,JUMBO SHOPPER VINTAGE RED PAISLEY
JUMBO SHOPPER VINTAGE RED PAISLEY,JUMBO BAG RED RETROSPOT
WHITE HANGING HEART T-LIGHT HOLDER,RED HANGING HEART T-LIGHT HOLDER
RED HANGING HEART T-LIGHT HOLDER,WHITE HANGING HEART T-LIGHT HOLDER
PARTY BUNTING,SPOTTY BUNTING
SPOTTY BUNTING,PARTY BUNTING
JUMBO BAG RED RETROSPOT,LUNCH BAG RED RETROSPOT
LUNCH BAG RED RETROSPOT,JUMBO BAG RED RETROSPOT
SET OF 3 WOODEN STOCKING DECORATION,SET OF 3 WOODEN SLEIGH DECORATIONS
SET OF 3 WOODEN SLEIGH DECORATIONS,SET OF 3 WOODEN STOCKING DECORATION
REGENCY TEA PLATE ROSES ,REGENCY TEA PLATE GREEN 
REGENCY TEA PLATE GREEN ,REGENCY TEA PLATE ROSES 
PINK REGENCY TEACUP AND SAUCER,"GREEN REGENCY TEACUP AND SAUCER, REGENCY CAKESTAND 3 TIER"
"GREEN REGENCY TEACUP AND SAUCER, REGENCY CAKESTAND 3 TIER",PINK REGENCY TEACUP AND SAUCER
"PINK REGENCY TEACUP AND SAUCER, REGENCY CAKESTAND 3 TIER",GREEN REGENCY TEACUP AND SAUCER
GREEN REGENCY TEACUP AND SAUCER,"PINK REGENCY TEACUP AND SAUCER, REGENCY CAKESTAND 3 TIER"
GREEN REGENCY TEACUP AND SAUCER,"PINK REGENCY TEACUP AND SAUCER, ROSES REGENCY TEACUP AND SAUCER "
"PINK REGENCY TEACUP AND SAUCER, ROSES REGENCY TEACUP AND SAUCER ",GREEN REGENCY TEACUP AND SAUCER
PINK REGENCY TEACUP AND SAUCER,"GREEN REGENCY TEACUP AND SAUCER, ROSES REGENCY TEACUP AND SAUCER "
"GREEN REGENCY TEACUP AND SAUCER, ROSES REGENCY TEACUP AND SAUCER ",PINK REGENCY TEACUP AND SAUCER
PINK REGENCY TEACUP AND SAUCER,GREEN REGENCY TEACUP AND SAUCER
GREEN REGENCY TEACUP AND SAUCER,PINK REGENCY TEACUP AND SAUCER
TOILET METAL SIGN,BATHROOM METAL SIGN
BATHROOM METAL SIGN,TOILET METAL SIGN
"GREEN REGENCY TEACUP AND SAUCER, REGENCY CAKESTAND 3 TIER",ROSES REGENCY TEACUP AND SAUCER 
ROSES REGENCY TEACUP AND SAUCER ,"GREEN REGENCY TEACUP AND SAUCER, REGENCY CAKESTAND 3 TIER"
"PINK REGENCY TEACUP AND SAUCER, REGENCY CAKESTAND 3 TIER",ROSES REGENCY TEACUP AND SAUCER 
ROSES REGENCY TEACUP AND SAUCER ,"PINK REGENCY TEACUP AND SAUCER, REGENCY CAKESTAND 3 TIER"
"REGENCY CAKESTAND 3 TIER, ROSES REGENCY TEACUP AND SAUCER ",PINK REGENCY TEACUP AND SAUCER
PINK REGENCY TEACUP AND SAUCER,"REGENCY CAKESTAND 3 TIER, ROSES REGENCY TEACUP AND SAUCER "
"GREEN REGENCY TEACUP AND SAUCER, PINK REGENCY TEACUP AND SAUCER",ROSES REGENCY TEACUP AND SAUCER 
ROSES REGENCY TEACUP AND SAUCER ,"GREEN REGENCY TEACUP AND SAUCER, PINK REGENCY TEACUP AND SAUCER"
GREEN REGENCY TEACUP AND SAUCER,"REGENCY CAKESTAND 3 TIER, ROSES REGENCY TEACUP AND SAUCER "
"REGENCY CAKESTAND 3 TIER, ROSES REGENCY TEACUP AND SAUCER ",GREEN REGENCY TEACUP AND SAUCER
GREEN REGENCY TEACUP AND SAUCER,ROSES REGENCY TEACUP AND SAUCER 
ROSES REGENCY TEACUP AND SAUCER ,GREEN REGENCY TEACUP AND SAUCER
ROSES REGENCY TEACUP AND SAUCER ,PINK REGENCY TEACUP AND SAUCER
PINK REGENCY TEACUP AND SAUCER,ROSES REGENCY TEACUP AND SAUCER 
GARDENERS KNEELING PAD CUP OF TEA ,GARDENERS KNEELING PAD KEEP CALM 
GARDENERS KNEELING PAD KEEP CALM ,GARDENERS KNEELING PAD CUP OF TEA 
BLUE STRIPE CERAMIC DRAWER KNOB,RED STRIPE CERAMIC DRAWER KNOB
RED STRIPE CERAMIC DRAWER KNOB,BLUE STRIPE CERAMIC DRAWER KNOB
SPACEBOY LUNCH BOX ,DOLLY GIRL LUNCH BOX
DOLLY GIRL LUNCH BOX,SPACEBOY LUNCH BOX 
CHARLOTTE BAG PINK POLKADOT,RED RETROSPOT CHARLOTTE BAG
RED RETROSPOT CHARLOTTE BAG,CHARLOTTE BAG PINK POLKADOT
JUMBO BAG STRAWBERRY,"JUMBO BAG PINK POLKADOT, JUMBO BAG RED RETROSPOT"
"JUMBO BAG PINK POLKADOT, JUMBO BAG RED RETROSPOT",JUMBO BAG STRAWBERRY
RED RETROSPOT CHARLOTTE BAG,STRAWBERRY CHARLOTTE BAG
STRAWBERRY CHARLOTTE BAG,RED RETROSPOT CHARLOTTE BAG
WHITE SPOT RED CERAMIC DRAWER KNOB,RED STRIPE CERAMIC DRAWER KNOB
RED STRIPE CERAMIC DRAWER KNOB,WHITE SPOT RED CERAMIC DRAWER KNOB
JUMBO BAG PINK POLKADOT,"JUMBO BAG RED RETROSPOT, JUMBO BAG STRAWBERRY"
"JUMBO BAG RED RETROSPOT, JUMBO BAG STRAWBERRY",JUMBO BAG PINK POLKADOT
JUMBO BAG APPLES,JUMBO BAG ALPHABET
JUMBO BAG ALPHABET,JUMBO BAG APPLES
CHARLOTTE BAG SUKI DESIGN,CHARLOTTE BAG PINK POLKADOT
CHARLOTTE BAG PINK POLKADOT,CHARLOTTE BAG SUKI DESIGN
LUNCH BAG APPLE DESIGN,LUNCH BAG ALPHABET DESIGN
LUNCH BAG ALPHABET DESIGN,LUNCH BAG APPLE DESIGN
LUNCH BAG PINK POLKADOT,LUNCH BAG RED RETROSPOT
LUNCH BAG RED RETROSPOT,LUNCH BAG PINK POLKADOT
LUNCH BAG  BLACK SKULL.,LUNCH BAG PINK POLKADOT
LUNCH BAG PINK POLKADOT,LUNCH BAG  BLACK SKULL.
RED HANGING HEART T-LIGHT HOLDER,WHITE HANGING HEART T-LIGHT HOLDER
WHITE HANGING HEART T-LIGHT HOLDER,RED HANGING HEART T-LIGHT HOLDER
JUMBO BAG PINK POLKADOT,JUMBO BAG STRAWBERRY
JUMBO BAG STRAWBERRY,JUMBO BAG PINK POLKADOT
LUNCH BAG SPACEBOY DESIGN ,LUNCH BAG  BLACK SKULL.
LUNCH BAG  BLACK SKULL.,LUNCH BAG SPACEBOY DESIGN 
CHARLOTTE BAG SUKI DESIGN,RED RETROSPOT CHARLOTTE BAG
RED RETROSPOT CHARLOTTE BAG,CHARLOTTE BAG SUKI DESIGN
LUNCH BAG  BLACK SKULL.,LUNCH BAG WOODLAND
LUNCH BAG WOODLAND,LUNCH BAG  BLACK SKULL.
LUNCH BAG RED RETROSPOT,LUNCH BAG WOODLAND
LUNCH BAG WOODLAND,LUNCH BAG RED RETROSPOT
JUMBO BAG SPACEBOY DESIGN,JUMBO BAG PINK POLKADOT
JUMBO BAG PINK POLKADOT,JUMBO BAG SPACEBOY DESIGN
WOODLAND CHARLOTTE BAG,CHARLOTTE BAG SUKI DESIGN
CHARLOTTE BAG SUKI DESIGN,WOODLAND CHARLOTTE BAG
LUNCH BAG  BLACK SKULL.,LUNCH BAG CARS BLUE
LUNCH BAG CARS BLUE,LUNCH BAG  BLACK SKULL.
RED RETROSPOT CHARLOTTE BAG,WOODLAND CHARLOTTE BAG
WOODLAND CHARLOTTE BAG,RED RETROSPOT CHARLOTTE BAG
RED RETROSPOT CHARLOTTE BAG,LUNCH BAG  BLACK SKULL.
LUNCH BAG  BLACK SKULL.,RED RETROSPOT CHARLOTTE BAG
JUMBO BAG RED RETROSPOT,"JUMBO BAG PINK POLKADOT, JUMBO BAG STRAWBERRY"
"JUMBO BAG PINK POLKADOT, JUMBO BAG STRAWBERRY",JUMBO BAG RED RETROSPOT
"PINK REGENCY TEACUP AND SAUCER, ROSES REGENCY TEACUP AND SAUCER ",REGENCY CAKESTAND 3 TIER
REGENCY CAKESTAND 3 TIER,"PINK REGENCY TEACUP AND SAUCER, ROSES REGENCY TEACUP AND SAUCER "
LUNCH BAG PINK POLKADOT,LUNCH BAG APPLE DESIGN
LUNCH BAG APPLE DESIGN,LUNCH BAG PINK POLKADOT
"GREEN REGENCY TEACUP AND SAUCER, PINK REGENCY TEACUP AND SAUCER",REGENCY CAKESTAND 3 TIER
REGENCY CAKESTAND 3 TIER,"GREEN REGENCY TEACUP AND SAUCER, PINK REGENCY TEACUP AND SAUCER"
LUNCH BAG RED RETROSPOT,LUNCH BAG SPACEBOY DESIGN 
LUNCH BAG SPACEBOY DESIGN ,LUNCH BAG RED RETROSPOT
REGENCY CAKESTAND 3 TIER,"GREEN REGENCY TEACUP AND SAUCER, ROSES REGENCY TEACUP AND SAUCER "
"GREEN REGENCY TEACUP AND SAUCER, ROSES REGENCY TEACUP AND SAUCER ",REGENCY CAKESTAND 3 TIER
ROSES REGENCY TEACUP AND SAUCER ,REGENCY CAKESTAND 3 TIER
REGENCY CAKESTAND 3 TIER,ROSES REGENCY TEACUP AND SAUCER 
LUNCH BAG APPLE DESIGN,LUNCH BAG RED RETROSPOT
LUNCH BAG  BLACK SKULL.,LUNCH BAG RED RETROSPOT
LUNCH BAG RED RETROSPOT,LUNCH BAG  BLACK SKULL.
LUNCH BAG RED RETROSPOT,LUNCH BAG APPLE DESIGN
REGENCY CAKESTAND 3 TIER,PINK REGENCY TEACUP AND SAUCER
PINK REGENCY TEACUP AND SAUCER,REGENCY CAKESTAND 3 TIER
LUNCH BAG CARS BLUE,LUNCH BAG RED RETROSPOT
LUNCH BAG RED RETROSPOT,LUNCH BAG CARS BLUE
REGENCY CAKESTAND 3 TIER,GREEN REGENCY TEACUP AND SAUCER
GREEN REGENCY TEACUP AND SAUCER,REGENCY CAKESTAND 3 TIER
PACK OF 60 DINOSAUR CAKE CASES,CHILLI LIGHTS
CHILLI LIGHTS,PACK OF 60 DINOSAUR CAKE CASES
RED RETROSPOT CHARLOTTE BAG,LUNCH BAG RED RETROSPOT
LUNCH BAG RED RETROSPOT,RED RETROSPOT CHARLOTTE BAG
JUMBO BAG STRAWBERRY,JUMBO BAG RED RETROSPOT
JUMBO BAG RED RETROSPOT,JUMBO BAG STRAWBERRY
JUMBO BAG PINK POLKADOT,JUMBO BAG RED RETROSPOT
JUMBO BAG RED RETROSPOT,JUMBO BAG PINK POLKADOT
JUMBO BAG SPACEBOY DESIGN,JUMBO BAG RED RETROSPOT
JUMBO BAG RED RETROSPOT,JUMBO BAG SPACEBOY DESIGN
JUMBO BAG PINK VINTAGE PAISLEY,JUMBO BAG RED RETROSPOT
JUMBO BAG RED RETROSPOT,JUMBO BAG PINK VINTAGE PAISLEY
JUMBO BAG APPLES,JUMBO BAG RED RETROSPOT
JUMBO BAG RED RETROSPOT,JUMBO BAG APPLES
JUMBO BAG RED RETROSPOT,JUMBO BAG VINTAGE LEAF
JUMBO BAG VINTAGE LEAF,JUMBO BAG RED RETROSPOT
JUMBO STORAGE BAG SUKI,JUMBO BAG RED RETROSPOT
JUMBO BAG RED RETROSPOT,JUMBO STORAGE BAG SUKI
JUMBO BAG RED RETROSPOT,JUMBO SHOPPER VINTAGE RED PAISLEY
JUMBO SHOPPER VINTAGE RED PAISLEY,JUMBO BAG RED RETROSPOT
SET OF 3 REGENCY CAKE TINS,REGENCY CAKESTAND 3 TIER
REGENCY CAKESTAND 3 TIER,SET OF 3 REGENCY CAKE TINS
JUMBO BAG ALPHABET,JUMBO BAG RED RETROSPOT
JUMBO BAG RED RETROSPOT,JUMBO BAG ALPHABET
LUNCH BAG RED RETROSPOT,JUMBO BAG RED RETROSPOT
JUMBO BAG RED RETROSPOT,LUNCH BAG RED RETROSPOT
RED RETROSPOT CHARLOTTE BAG,JUMBO BAG RED RETROSPOT
JUMBO BAG RED RETROSPOT,RED RETROSPOT CHARLOTTE BAG
DOLLY GIRL CHILDRENS CUP,"DOLLY GIRL CHILDRENS BOWL, SPACEBOY CHILDRENS CUP"
"DOLLY GIRL CHILDRENS BOWL, SPACEBOY CHILDRENS CUP",DOLLY GIRL CHILDRENS CUP
PACK OF 6 SKULL PAPER PLATES,"PACK OF 20 SKULL PAPER NAPKINS, PACK OF 6 SKULL PAPER CUPS"
"PACK OF 20 SKULL PAPER NAPKINS, PACK OF 6 SKULL PAPER CUPS",PACK OF 6 SKULL PAPER PLATES
"DOLLY GIRL CHILDRENS CUP, SPACEBOY CHILDRENS BOWL",DOLLY GIRL CHILDRENS BOWL
DOLLY GIRL CHILDRENS BOWL,"DOLLY GIRL CHILDRENS CUP, SPACEBOY CHILDRENS BOWL"
"PACK OF 6 SKULL PAPER CUPS, PACK OF 6 SKULL PAPER PLATES",PACK OF 20 SKULL PAPER NAPKINS
PACK OF 20 SKULL PAPER NAPKINS,"PACK OF 6 SKULL PAPER CUPS, PACK OF 6 SKULL PAPER PLATES"
DOLLY GIRL CHILDRENS CUP,"DOLLY GIRL CHILDRENS BOWL, SPACEBOY CHILDRENS BOWL"
"DOLLY GIRL CHILDRENS BOWL, SPACEBOY CHILDRENS BOWL",DOLLY GIRL CHILDRENS CUP
DOLLY GIRL CHILDRENS CUP,DOLLY GIRL CHILDRENS BOWL
DOLLY GIRL CHILDRENS BOWL,DOLLY GIRL CHILDRENS CUP
DOLLY GIRL CHILDRENS BOWL,"DOLLY GIRL CHILDRENS CUP, SPACEBOY CHILDRENS CUP"
"DOLLY GIRL CHILDRENS CUP, SPACEBOY CHILDRENS CUP",DOLLY GIRL CHILDRENS BOWL
PACK OF 20 SKULL PAPER NAPKINS,PACK OF 6 SKULL PAPER PLATES
PACK OF 6 SKULL PAPER PLATES,PACK OF 20 SKULL PAPER NAPKINS
PACK OF 6 SKULL PAPER CUPS,"PACK OF 20 SKULL PAPER NAPKINS, PACK OF 6 SKULL PAPER PLATES"
"PACK OF 20 SKULL PAPER NAPKINS, PACK OF 6 SKULL PAPER PLATES",PACK OF 6 SKULL PAPER CUPS
PACK OF 6 SKULL PAPER CUPS,PACK OF 6 SKULL PAPER PLATES
PACK OF 6 SKULL PAPER PLATES,PACK OF 6 SKULL PAPER CUPS
PACK OF 20 SKULL PAPER NAPKINS,PACK OF 6 SKULL PAPER CUPS
PACK OF 6 SKULL PAPER CUPS,PACK OF 20 SKULL PAPER NAPKINS
POPPY'S PLAYHOUSE BEDROOM ,POPPY'S PLAYHOUSE LIVINGROOM 
POPPY'S PLAYHOUSE LIVINGROOM ,POPPY'S PLAYHOUSE BEDROOM 
POPPY'S PLAYHOUSE KITCHEN,POPPY'S PLAYHOUSE LIVINGROOM 
POPPY'S PLAYHOUSE LIVINGROOM ,POPPY'S PLAYHOUSE KITCHEN
POPPY'S PLAYHOUSE KITCHEN,POPPY'S PLAYHOUSE BEDROOM 
POPPY'S PLAYHOUSE BEDROOM ,POPPY'S PLAYHOUSE KITCHEN
SPACEBOY CHILDRENS CUP,DOLLY GIRL CHILDRENS CUP
DOLLY GIRL CHILDRENS CUP,SPACEBOY CHILDRENS CUP
SPACEBOY CHILDRENS CUP,"DOLLY GIRL CHILDRENS BOWL, DOLLY GIRL CHILDRENS CUP"
"DOLLY GIRL CHILDRENS BOWL, DOLLY GIRL CHILDRENS CUP",SPACEBOY CHILDRENS CUP
SPACEBOY CHILDRENS CUP,SPACEBOY CHILDRENS BOWL
SPACEBOY CHILDRENS BOWL,SPACEBOY CHILDRENS CUP
SPACEBOY CHILDRENS CUP,"POSTAGE, SPACEBOY CHILDRENS BOWL"
"POSTAGE, SPACEBOY CHILDRENS BOWL",SPACEBOY CHILDRENS CUP
SPACEBOY CHILDRENS BOWL,"POSTAGE, SPACEBOY CHILDRENS CUP"
"POSTAGE, SPACEBOY CHILDRENS CUP",SPACEBOY CHILDRENS BOWL
GREEN REGENCY TEACUP AND SAUCER,ROSES REGENCY TEACUP AND SAUCER 
ROSES REGENCY TEACUP AND SAUCER ,GREEN REGENCY TEACUP AND SAUCER
SET/10 BLUE POLKADOT PARTY CANDLES,SET/10 PINK POLKADOT PARTY CANDLES
SET/10 PINK POLKADOT PARTY CANDLES,SET/10 BLUE POLKADOT PARTY CANDLES
"DOLLY GIRL CHILDRENS BOWL, DOLLY GIRL CHILDRENS CUP",SPACEBOY CHILDRENS BOWL
SPACEBOY CHILDRENS BOWL,"DOLLY GIRL CHILDRENS BOWL, DOLLY GIRL CHILDRENS CUP"
SPACEBOY CHILDRENS BOWL,DOLLY GIRL CHILDRENS BOWL
DOLLY GIRL CHILDRENS BOWL,SPACEBOY CHILDRENS BOWL
DOLLY GIRL CHILDRENS CUP,SPACEBOY CHILDRENS BOWL
SPACEBOY CHILDRENS BOWL,DOLLY GIRL CHILDRENS CUP
SPACEBOY CHILDRENS CUP,DOLLY GIRL CHILDRENS BOWL
DOLLY GIRL CHILDRENS BOWL,SPACEBOY CHILDRENS CUP
SPACEBOY MINI BACKPACK,WOODLAND MINI BACKPACK
WOODLAND MINI BACKPACK,SPACEBOY MINI BACKPACK
SET OF 6 TEA TIME BAKING CASES,SET OF 12 FAIRY CAKE BAKING CASES
SET OF 12 FAIRY CAKE BAKING CASES,SET OF 6 TEA TIME BAKING CASES
COFFEE MUG APPLES DESIGN,COFFEE MUG PEARS  DESIGN
COFFEE MUG PEARS  DESIGN,COFFEE MUG APPLES DESIGN
SET OF 12 MINI LOAF BAKING CASES,SET OF 12 FAIRY CAKE BAKING CASES
SET OF 12 FAIRY CAKE BAKING CASES,SET OF 12 MINI LOAF BAKING CASES
CHILDRENS CUTLERY POLKADOT BLUE,CHILDRENS CUTLERY POLKADOT PINK
CHILDRENS CUTLERY POLKADOT PINK,CHILDRENS CUTLERY POLKADOT BLUE
RED RETROSPOT CUP,BLUE POLKADOT CUP
BLUE POLKADOT CUP,RED RETROSPOT CUP
CHILDRENS CUTLERY DOLLY GIRL ,"CHILDRENS CUTLERY CIRCUS PARADE, CHILDRENS CUTLERY SPACEBOY "
"CHILDRENS CUTLERY CIRCUS PARADE, CHILDRENS CUTLERY SPACEBOY ",CHILDRENS CUTLERY DOLLY GIRL 
"SET/20 RED RETROSPOT PAPER NAPKINS , SET/6 RED SPOTTY PAPER CUPS","POSTAGE, SET/6 RED SPOTTY PAPER PLATES"
"POSTAGE, SET/6 RED SPOTTY PAPER PLATES","SET/20 RED RETROSPOT PAPER NAPKINS , SET/6 RED SPOTTY PAPER CUPS"
"POSTAGE, SET/20 RED RETROSPOT PAPER NAPKINS , SET/6 RED SPOTTY PAPER CUPS",SET/6 RED SPOTTY PAPER PLATES
SET/6 RED SPOTTY PAPER PLATES,"POSTAGE, SET/20 RED RETROSPOT PAPER NAPKINS , SET/6 RED SPOTTY PAPER CUPS"
SET/6 RED SPOTTY PAPER PLATES,"SET/20 RED RETROSPOT PAPER NAPKINS , SET/6 RED SPOTTY PAPER CUPS"
"SET/20 RED RETROSPOT PAPER NAPKINS , SET/6 RED SPOTTY PAPER CUPS",SET/6 RED SPOTTY PAPER PLATES
"CHILDRENS CUTLERY DOLLY GIRL , POSTAGE",CHILDRENS CUTLERY SPACEBOY 
CHILDRENS CUTLERY SPACEBOY ,"CHILDRENS CUTLERY DOLLY GIRL , POSTAGE"
CHILDRENS CUTLERY CIRCUS PARADE,CHILDRENS CUTLERY DOLLY GIRL 
CHILDRENS CUTLERY DOLLY GIRL ,CHILDRENS CUTLERY CIRCUS PARADE
CHILDRENS CUTLERY DOLLY GIRL ,CHILDRENS CUTLERY SPACEBOY 
CHILDRENS CUTLERY SPACEBOY ,CHILDRENS CUTLERY DOLLY GIRL 
CHILDRENS CUTLERY DOLLY GIRL ,"CHILDRENS CUTLERY SPACEBOY , POSTAGE"
"CHILDRENS CUTLERY SPACEBOY , POSTAGE",CHILDRENS CUTLERY DOLLY GIRL 
CHILDRENS CUTLERY CIRCUS PARADE,"CHILDRENS CUTLERY DOLLY GIRL , CHILDRENS CUTLERY SPACEBOY "
"CHILDRENS CUTLERY DOLLY GIRL , CHILDRENS CUTLERY SPACEBOY ",CHILDRENS CUTLERY CIRCUS PARADE
"CHILDRENS CUTLERY CIRCUS PARADE, CHILDRENS CUTLERY DOLLY GIRL ",CHILDRENS CUTLERY SPACEBOY 
CHILDRENS CUTLERY SPACEBOY ,"CHILDRENS CUTLERY CIRCUS PARADE, CHILDRENS CUTLERY DOLLY GIRL "
SET/6 RED SPOTTY PAPER CUPS,"PACK OF 72 RETROSPOT CAKE CASES, SET/6 RED SPOTTY PAPER PLATES"
"PACK OF 72 RETROSPOT CAKE CASES, SET/6 RED SPOTTY PAPER PLATES",SET/6 RED SPOTTY PAPER CUPS
SET/10 RED POLKADOT PARTY CANDLES,SET/10 PINK POLKADOT PARTY CANDLES
SET/10 PINK POLKADOT PARTY CANDLES,SET/10 RED POLKADOT PARTY CANDLES
RED RETROSPOT CUP,RED RETROSPOT PLATE 
RED RETROSPOT PLATE ,RED RETROSPOT CUP
SET/6 RED SPOTTY PAPER CUPS,"POSTAGE, SET/20 RED RETROSPOT PAPER NAPKINS , SET/6 RED SPOTTY PAPER PLATES"
"POSTAGE, SET/20 RED RETROSPOT PAPER NAPKINS , SET/6 RED SPOTTY PAPER PLATES",SET/6 RED SPOTTY PAPER CUPS
"POSTAGE, SET/6 RED SPOTTY PAPER CUPS","SET/20 RED RETROSPOT PAPER NAPKINS , SET/6 RED SPOTTY PAPER PLATES"
"SET/20 RED RETROSPOT PAPER NAPKINS , SET/6 RED SPOTTY PAPER PLATES","POSTAGE, SET/6 RED SPOTTY PAPER CUPS"
"PACK OF 72 RETROSPOT CAKE CASES, SET/6 RED SPOTTY PAPER CUPS",SET/6 RED SPOTTY PAPER PLATES
SET/6 RED SPOTTY PAPER PLATES,"PACK OF 72 RETROSPOT CAKE CASES, SET/6 RED SPOTTY PAPER CUPS"
"SET/20 RED RETROSPOT PAPER NAPKINS , SET/6 RED SPOTTY PAPER PLATES",SET/6 RED SPOTTY PAPER CUPS
SET/6 RED SPOTTY PAPER CUPS,"SET/20 RED RETROSPOT PAPER NAPKINS , SET/6 RED SPOTTY PAPER PLATES"
"ALARM CLOCK BAKELIKE GREEN, POSTAGE","ALARM CLOCK BAKELIKE PINK, ALARM CLOCK BAKELIKE RED "
"ALARM CLOCK BAKELIKE PINK, ALARM CLOCK BAKELIKE RED ","ALARM CLOCK BAKELIKE GREEN, POSTAGE"
SET/6 RED SPOTTY PAPER CUPS,"POSTAGE, SET/6 RED SPOTTY PAPER PLATES"
"POSTAGE, SET/6 RED SPOTTY PAPER PLATES",SET/6 RED SPOTTY PAPER CUPS
SET/6 RED SPOTTY PAPER CUPS,SET/6 RED SPOTTY PAPER PLATES
SET/6 RED SPOTTY PAPER PLATES,SET/6 RED SPOTTY PAPER CUPS
SET/6 RED SPOTTY PAPER PLATES,"POSTAGE, SET/6 RED SPOTTY PAPER CUPS"
"POSTAGE, SET/6 RED SPOTTY PAPER CUPS",SET/6 RED SPOTTY PAPER PLATES
"ALARM CLOCK BAKELIKE PINK, ALARM CLOCK BAKELIKE RED ",ALARM CLOCK BAKELIKE GREEN
ALARM CLOCK BAKELIKE GREEN,"ALARM CLOCK BAKELIKE PINK, ALARM CLOCK BAKELIKE RED "
WOODLAND PARTY BAG + STICKER SET,RETROSPOT PARTY BAG + STICKER SET
RETROSPOT PARTY BAG + STICKER SET,WOODLAND PARTY BAG + STICKER SET
CHILDRENS CUTLERY SPACEBOY ,CHILDRENS CUTLERY CIRCUS PARADE
CHILDRENS CUTLERY CIRCUS PARADE,CHILDRENS CUTLERY SPACEBOY 
"ALARM CLOCK BAKELIKE GREEN, ALARM CLOCK BAKELIKE PINK, POSTAGE",ALARM CLOCK BAKELIKE RED 
ALARM CLOCK BAKELIKE RED ,"ALARM CLOCK BAKELIKE GREEN, ALARM CLOCK BAKELIKE PINK, POSTAGE"
ALARM CLOCK BAKELIKE GREEN,"ALARM CLOCK BAKELIKE PINK, ALARM CLOCK BAKELIKE RED , POSTAGE"
"ALARM CLOCK BAKELIKE PINK, ALARM CLOCK BAKELIKE RED , POSTAGE",ALARM CLOCK BAKELIKE GREEN
"ALARM CLOCK BAKELIKE GREEN, ALARM CLOCK BAKELIKE PINK",ALARM CLOCK BAKELIKE RED 
ALARM CLOCK BAKELIKE RED ,"ALARM CLOCK BAKELIKE GREEN, ALARM CLOCK BAKELIKE PINK"
IVORY KITCHEN SCALES,MINT KITCHEN SCALES
MINT KITCHEN SCALES,IVORY KITCHEN SCALES
ALARM CLOCK BAKELIKE RED ,"ALARM CLOCK BAKELIKE GREEN, POSTAGE"
"ALARM CLOCK BAKELIKE GREEN, POSTAGE",ALARM CLOCK BAKELIKE RED 
BAKING SET 9 PIECE RETROSPOT ,BAKING SET SPACEBOY DESIGN
BAKING SET SPACEBOY DESIGN,BAKING SET 9 PIECE RETROSPOT 
"ALARM CLOCK BAKELIKE GREEN, ALARM CLOCK BAKELIKE PINK","ALARM CLOCK BAKELIKE RED , POSTAGE"
"ALARM CLOCK BAKELIKE RED , POSTAGE","ALARM CLOCK BAKELIKE GREEN, ALARM CLOCK BAKELIKE PINK"
ALARM CLOCK BAKELIKE CHOCOLATE,ALARM CLOCK BAKELIKE RED 
ALARM CLOCK BAKELIKE RED ,ALARM CLOCK BAKELIKE CHOCOLATE
SET/6 RED SPOTTY PAPER PLATES,PACK OF 6 SKULL PAPER PLATES
PACK OF 6 SKULL PAPER PLATES,SET/6 RED SPOTTY PAPER PLATES
ALARM CLOCK BAKELIKE RED ,ALARM CLOCK BAKELIKE ORANGE
ALARM CLOCK BAKELIKE ORANGE,ALARM CLOCK BAKELIKE RED 
RED KITCHEN SCALES,IVORY KITCHEN SCALES
IVORY KITCHEN SCALES,RED KITCHEN SCALES
ALARM CLOCK BAKELIKE RED ,ALARM CLOCK BAKELIKE GREEN
ALARM CLOCK BAKELIKE GREEN,ALARM CLOCK BAKELIKE RED 
ALARM CLOCK BAKELIKE GREEN,"ALARM CLOCK BAKELIKE RED , POSTAGE"
"ALARM CLOCK BAKELIKE RED , POSTAGE",ALARM CLOCK BAKELIKE GREEN
PACK OF 6 SKULL PAPER CUPS,SET/6 RED SPOTTY PAPER CUPS
SET/6 RED SPOTTY PAPER CUPS,PACK OF 6 SKULL PAPER CUPS
BLUE HARMONICA IN BOX ,RED  HARMONICA IN BOX 
RED  HARMONICA IN BOX ,BLUE HARMONICA IN BOX 
"ALARM CLOCK BAKELIKE GREEN, ALARM CLOCK BAKELIKE RED ",ALARM CLOCK BAKELIKE PINK
ALARM CLOCK BAKELIKE PINK,"ALARM CLOCK BAKELIKE GREEN, ALARM CLOCK BAKELIKE RED "
ALARM CLOCK BAKELIKE PINK,"ALARM CLOCK BAKELIKE GREEN, ALARM CLOCK BAKELIKE RED , POSTAGE"
"ALARM CLOCK BAKELIKE GREEN, ALARM CLOCK BAKELIKE RED , POSTAGE",ALARM CLOCK BAKELIKE PINK
"POSTAGE, SET/20 RED RETROSPOT PAPER NAPKINS ","SET/6 RED SPOTTY PAPER CUPS, SET/6 RED SPOTTY PAPER PLATES"
"SET/6 RED SPOTTY PAPER CUPS, SET/6 RED SPOTTY PAPER PLATES","POSTAGE, SET/20 RED RETROSPOT PAPER NAPKINS "
ALARM CLOCK BAKELIKE PINK,ALARM CLOCK BAKELIKE GREEN
ALARM CLOCK BAKELIKE GREEN,ALARM CLOCK BAKELIKE PINK
"POSTAGE, SET/20 RED RETROSPOT PAPER NAPKINS ",SET/6 RED SPOTTY PAPER PLATES
SET/6 RED SPOTTY PAPER PLATES,"POSTAGE, SET/20 RED RETROSPOT PAPER NAPKINS "
"POSTAGE, SET/6 RED SPOTTY PAPER CUPS, SET/6 RED SPOTTY PAPER PLATES",SET/20 RED RETROSPOT PAPER NAPKINS 
SET/20 RED RETROSPOT PAPER NAPKINS ,"POSTAGE, SET/6 RED SPOTTY PAPER CUPS, SET/6 RED SPOTTY PAPER PLATES"
"RED RETROSPOT CHARLOTTE BAG, ROUND SNACK BOXES SET OF4 WOODLAND ",WOODLAND CHARLOTTE BAG
WOODLAND CHARLOTTE BAG,"RED RETROSPOT CHARLOTTE BAG, ROUND SNACK BOXES SET OF4 WOODLAND "
"ALARM CLOCK BAKELIKE GREEN, ALARM CLOCK BAKELIKE RED ","ALARM CLOCK BAKELIKE PINK, POSTAGE"
"ALARM CLOCK BAKELIKE PINK, POSTAGE","ALARM CLOCK BAKELIKE GREEN, ALARM CLOCK BAKELIKE RED "
"ALARM CLOCK BAKELIKE GREEN, POSTAGE",ALARM CLOCK BAKELIKE PINK
ALARM CLOCK BAKELIKE PINK,"ALARM CLOCK BAKELIKE GREEN, POSTAGE"
"SET/6 RED SPOTTY PAPER CUPS, SET/6 RED SPOTTY PAPER PLATES",SET/20 RED RETROSPOT PAPER NAPKINS 
SET/20 RED RETROSPOT PAPER NAPKINS ,"SET/6 RED SPOTTY PAPER CUPS, SET/6 RED SPOTTY PAPER PLATES"
CHARLOTTE BAG PINK POLKADOT,RED RETROSPOT CHARLOTTE BAG
RED RETROSPOT CHARLOTTE BAG,CHARLOTTE BAG PINK POLKADOT
SET/20 RED RETROSPOT PAPER NAPKINS ,"POSTAGE, SET/6 RED SPOTTY PAPER PLATES"
"POSTAGE, SET/6 RED SPOTTY PAPER PLATES",SET/20 RED RETROSPOT PAPER NAPKINS 
SET/6 RED SPOTTY PAPER PLATES,SET/20 RED RETROSPOT PAPER NAPKINS 
SET/20 RED RETROSPOT PAPER NAPKINS ,SET/6 RED SPOTTY PAPER PLATES
ALARM CLOCK BAKELIKE PINK,"ALARM CLOCK BAKELIKE RED , POSTAGE"
"ALARM CLOCK BAKELIKE RED , POSTAGE",ALARM CLOCK BAKELIKE PINK
"POSTAGE, SET/20 RED RETROSPOT PAPER NAPKINS ",SET/6 RED SPOTTY PAPER CUPS
SET/6 RED SPOTTY PAPER CUPS,"POSTAGE, SET/20 RED RETROSPOT PAPER NAPKINS "
"PLASTERS IN TIN CIRCUS PARADE , PLASTERS IN TIN WOODLAND ANIMALS","PLASTERS IN TIN SPACEBOY, PLASTERS IN TIN STRONGMAN"
"PLASTERS IN TIN SPACEBOY, PLASTERS IN TIN STRONGMAN","PLASTERS IN TIN CIRCUS PARADE , PLASTERS IN TIN WOODLAND ANIMALS"
"PLASTERS IN TIN STRONGMAN, PLASTERS IN TIN WOODLAND ANIMALS","PLASTERS IN TIN CIRCUS PARADE , PLASTERS IN TIN SPACEBOY"
"PLASTERS IN TIN CIRCUS PARADE , PLASTERS IN TIN SPACEBOY","PLASTERS IN TIN STRONGMAN, PLASTERS IN TIN WOODLAND ANIMALS"
ALARM CLOCK BAKELIKE RED ,ALARM CLOCK BAKELIKE PINK
ALARM CLOCK BAKELIKE PINK,ALARM CLOCK BAKELIKE RED 
JUMBO BAG PINK POLKADOT,JUMBO BAG RED RETROSPOT
JUMBO BAG RED RETROSPOT,JUMBO BAG PINK POLKADOT
LUNCH BOX WITH CUTLERY RETROSPOT ,SKULL LUNCH BOX WITH CUTLERY 
SKULL LUNCH BOX WITH CUTLERY ,LUNCH BOX WITH CUTLERY RETROSPOT 
ALARM CLOCK BAKELIKE RED ,"ALARM CLOCK BAKELIKE PINK, POSTAGE"
"ALARM CLOCK BAKELIKE PINK, POSTAGE",ALARM CLOCK BAKELIKE RED 
SET/6 RED SPOTTY PAPER CUPS,SET/20 RED RETROSPOT PAPER NAPKINS 
SET/20 RED RETROSPOT PAPER NAPKINS ,SET/6 RED SPOTTY PAPER CUPS
"POSTAGE, SET/6 RED SPOTTY PAPER CUPS",SET/20 RED RETROSPOT PAPER NAPKINS 
SET/20 RED RETROSPOT PAPER NAPKINS ,"POSTAGE, SET/6 RED SPOTTY PAPER CUPS"
JUMBO BAG APPLES,CHARLOTTE BAG APPLES DESIGN
CHARLOTTE BAG APPLES DESIGN,JUMBO BAG APPLES
ALARM CLOCK BAKELIKE GREEN,"ALARM CLOCK BAKELIKE PINK, POSTAGE"
"ALARM CLOCK BAKELIKE PINK, POSTAGE",ALARM CLOCK BAKELIKE GREEN
LUNCH BAG DOLLY GIRL DESIGN,LUNCH BAG SPACEBOY DESIGN 
LUNCH BAG SPACEBOY DESIGN ,LUNCH BAG DOLLY GIRL DESIGN
RED RETROSPOT CHARLOTTE BAG,"ROUND SNACK BOXES SET OF4 WOODLAND , WOODLAND CHARLOTTE BAG"
"ROUND SNACK BOXES SET OF4 WOODLAND , WOODLAND CHARLOTTE BAG",RED RETROSPOT CHARLOTTE BAG
JUMBO BAG RED RETROSPOT,JUMBO BAG SPACEBOY DESIGN
JUMBO BAG SPACEBOY DESIGN,JUMBO BAG RED RETROSPOT
JAM MAKING SET PRINTED,JAM JAR WITH PINK LID
JAM JAR WITH PINK LID,JAM MAKING SET PRINTED
"JUMBO BAG RED RETROSPOT, POSTAGE",JUMBO BAG WOODLAND ANIMALS
JUMBO BAG WOODLAND ANIMALS,"JUMBO BAG RED RETROSPOT, POSTAGE"
"PLASTERS IN TIN CIRCUS PARADE , PLASTERS IN TIN WOODLAND ANIMALS","PLASTERS IN TIN SPACEBOY, ROUND SNACK BOXES SET OF4 WOODLAND "
"PLASTERS IN TIN SPACEBOY, ROUND SNACK BOXES SET OF4 WOODLAND ","PLASTERS IN TIN CIRCUS PARADE , PLASTERS IN TIN WOODLAND ANIMALS"
"PLASTERS IN TIN CIRCUS PARADE , ROUND SNACK BOXES SET OF4 WOODLAND ","PLASTERS IN TIN SPACEBOY, PLASTERS IN TIN WOODLAND ANIMALS"
"PLASTERS IN TIN SPACEBOY, PLASTERS IN TIN WOODLAND ANIMALS","PLASTERS IN TIN CIRCUS PARADE , ROUND SNACK BOXES SET OF4 WOODLAND "
"PLASTERS IN TIN WOODLAND ANIMALS, ROUND SNACK BOXES SET OF4 WOODLAND ","PLASTERS IN TIN CIRCUS PARADE , PLASTERS IN TIN SPACEBOY"
"PLASTERS IN TIN CIRCUS PARADE , PLASTERS IN TIN SPACEBOY","PLASTERS IN TIN WOODLAND ANIMALS, ROUND SNACK BOXES SET OF4 WOODLAND "
"POSTAGE, RED RETROSPOT MINI CASES",ASSORTED COLOUR MINI CASES
ASSORTED COLOUR MINI CASES,"POSTAGE, RED RETROSPOT MINI CASES"
WOODLAND CHARLOTTE BAG,"POSTAGE, RED RETROSPOT CHARLOTTE BAG"
"POSTAGE, RED RETROSPOT CHARLOTTE BAG",WOODLAND CHARLOTTE BAG
"LUNCH BAG SPACEBOY DESIGN , POSTAGE",LUNCH BAG WOODLAND
LUNCH BAG WOODLAND,"LUNCH BAG SPACEBOY DESIGN , POSTAGE"
PACK OF 60 SPACEBOY CAKE CASES,PACK OF 72 RETROSPOT CAKE CASES
PACK OF 72 RETROSPOT CAKE CASES,PACK OF 60 SPACEBOY CAKE CASES
PLASTERS IN TIN CIRCUS PARADE ,"PLASTERS IN TIN SPACEBOY, PLASTERS IN TIN STRONGMAN"
"PLASTERS IN TIN SPACEBOY, PLASTERS IN TIN STRONGMAN",PLASTERS IN TIN CIRCUS PARADE 
WOODLAND CHARLOTTE BAG,RED RETROSPOT CHARLOTTE BAG
RED RETROSPOT CHARLOTTE BAG,WOODLAND CHARLOTTE BAG
PLASTERS IN TIN SPACEBOY,"PLASTERS IN TIN CIRCUS PARADE , PLASTERS IN TIN WOODLAND ANIMALS, ROUND SNACK BOXES SET OF4 WOODLAND "
"PLASTERS IN TIN CIRCUS PARADE , PLASTERS IN TIN WOODLAND ANIMALS, ROUND SNACK BOXES SET OF4 WOODLAND ",PLASTERS IN TIN SPACEBOY
PLASTERS IN TIN CIRCUS PARADE ,"PLASTERS IN TIN SPACEBOY, PLASTERS IN TIN STRONGMAN, PLASTERS IN TIN WOODLAND ANIMALS"
"PLASTERS IN TIN SPACEBOY, PLASTERS IN TIN STRONGMAN, PLASTERS IN TIN WOODLAND ANIMALS",PLASTERS IN TIN CIRCUS PARADE 
RED RETROSPOT MINI CASES,ASSORTED COLOUR MINI CASES
ASSORTED COLOUR MINI CASES,RED RETROSPOT MINI CASES
LUNCH BAG RED RETROSPOT,LUNCH BAG SUKI DESIGN 
LUNCH BAG SUKI DESIGN ,LUNCH BAG RED RETROSPOT
MINI LIGHTS WOODLAND MUSHROOMS,RABBIT NIGHT LIGHT
RABBIT NIGHT LIGHT,MINI LIGHTS WOODLAND MUSHROOMS
SPACEBOY LUNCH BOX ,"DOLLY GIRL LUNCH BOX, POSTAGE"
"DOLLY GIRL LUNCH BOX, POSTAGE",SPACEBOY LUNCH BOX 
RED RETROSPOT CHARLOTTE BAG,"POSTAGE, WOODLAND CHARLOTTE BAG"
"POSTAGE, WOODLAND CHARLOTTE BAG",RED RETROSPOT CHARLOTTE BAG
LUNCH BAG APPLE DESIGN,JUMBO BAG APPLES
JUMBO BAG APPLES,LUNCH BAG APPLE DESIGN
"DOLLY GIRL LUNCH BOX, ROUND SNACK BOXES SET OF4 WOODLAND ",SPACEBOY LUNCH BOX 
SPACEBOY LUNCH BOX ,"DOLLY GIRL LUNCH BOX, ROUND SNACK BOXES SET OF4 WOODLAND "
"LUNCH BOX WITH CUTLERY RETROSPOT , POSTAGE",STRAWBERRY LUNCH BOX WITH CUTLERY
STRAWBERRY LUNCH BOX WITH CUTLERY,"LUNCH BOX WITH CUTLERY RETROSPOT , POSTAGE"
"PLASTERS IN TIN CIRCUS PARADE , PLASTERS IN TIN STRONGMAN, PLASTERS IN TIN WOODLAND ANIMALS",PLASTERS IN TIN SPACEBOY
PLASTERS IN TIN SPACEBOY,"PLASTERS IN TIN CIRCUS PARADE , PLASTERS IN TIN STRONGMAN, PLASTERS IN TIN WOODLAND ANIMALS"
SPACEBOY LUNCH BOX ,DOLLY GIRL LUNCH BOX
DOLLY GIRL LUNCH BOX,SPACEBOY LUNCH BOX 
"PLASTERS IN TIN SPACEBOY, POSTAGE","PLASTERS IN TIN CIRCUS PARADE , ROUND SNACK BOXES SET OF4 WOODLAND "
"PLASTERS IN TIN CIRCUS PARADE , ROUND SNACK BOXES SET OF4 WOODLAND ","PLASTERS IN TIN SPACEBOY, POSTAGE"
RED RETROSPOT MINI CASES,"ASSORTED COLOUR MINI CASES, POSTAGE"
"ASSORTED COLOUR MINI CASES, POSTAGE",RED RETROSPOT MINI CASES
"PLASTERS IN TIN CIRCUS PARADE , PLASTERS IN TIN SPACEBOY, PLASTERS IN TIN WOODLAND ANIMALS",PLASTERS IN TIN STRONGMAN
PLASTERS IN TIN STRONGMAN,"PLASTERS IN TIN CIRCUS PARADE , PLASTERS IN TIN SPACEBOY, PLASTERS IN TIN WOODLAND ANIMALS"
PLASTERS IN TIN STRONGMAN,"PLASTERS IN TIN CIRCUS PARADE , PLASTERS IN TIN SPACEBOY"
"PLASTERS IN TIN CIRCUS PARADE , PLASTERS IN TIN SPACEBOY",PLASTERS IN TIN STRONGMAN
"PLASTERS IN TIN SPACEBOY, PLASTERS IN TIN WOODLAND ANIMALS","PLASTERS IN TIN CIRCUS PARADE , PLASTERS IN TIN STRONGMAN"
"PLASTERS IN TIN CIRCUS PARADE , PLASTERS IN TIN STRONGMAN","PLASTERS IN TIN SPACEBOY, PLASTERS IN TIN WOODLAND ANIMALS"
SPACEBOY LUNCH BOX ,"CIRCUS PARADE LUNCH BOX , POSTAGE"
"CIRCUS PARADE LUNCH BOX , POSTAGE",SPACEBOY LUNCH BOX 
"POSTAGE, STRAWBERRY LUNCH BOX WITH CUTLERY",LUNCH BOX WITH CUTLERY RETROSPOT 
LUNCH BOX WITH CUTLERY RETROSPOT ,"POSTAGE, STRAWBERRY LUNCH BOX WITH CUTLERY"
"JUMBO BAG WOODLAND ANIMALS, POSTAGE",JUMBO BAG RED RETROSPOT
JUMBO BAG RED RETROSPOT,"JUMBO BAG WOODLAND ANIMALS, POSTAGE"
LUNCH BAG RED RETROSPOT,LUNCH BAG PINK POLKADOT
LUNCH BAG PINK POLKADOT,LUNCH BAG RED RETROSPOT
"PLASTERS IN TIN SPACEBOY, PLASTERS IN TIN WOODLAND ANIMALS, ROUND SNACK BOXES SET OF4 WOODLAND ",PLASTERS IN TIN CIRCUS PARADE 
PLASTERS IN TIN CIRCUS PARADE ,"PLASTERS IN TIN SPACEBOY, PLASTERS IN TIN WOODLAND ANIMALS, ROUND SNACK BOXES SET OF4 WOODLAND "
WOODLAND CHARLOTTE BAG,CHARLOTTE BAG SUKI DESIGN
CHARLOTTE BAG SUKI DESIGN,WOODLAND CHARLOTTE BAG
"PLASTERS IN TIN SPACEBOY, ROUND SNACK BOXES SET OF 4 FRUITS ",PLASTERS IN TIN CIRCUS PARADE 
PLASTERS IN TIN CIRCUS PARADE ,"PLASTERS IN TIN SPACEBOY, ROUND SNACK BOXES SET OF 4 FRUITS "
PACK OF 72 RETROSPOT CAKE CASES,PACK OF 60 PINK PAISLEY CAKE CASES
PACK OF 60 PINK PAISLEY CAKE CASES,PACK OF 72 RETROSPOT CAKE CASES
LUNCH BAG WOODLAND,LUNCH BAG CARS BLUE
LUNCH BAG CARS BLUE,LUNCH BAG WOODLAND
LUNCH BAG SPACEBOY DESIGN ,"LUNCH BAG WOODLAND, POSTAGE"
"LUNCH BAG WOODLAND, POSTAGE",LUNCH BAG SPACEBOY DESIGN 
DOLLY GIRL LUNCH BOX,"POSTAGE, SPACEBOY LUNCH BOX "
"POSTAGE, SPACEBOY LUNCH BOX ",DOLLY GIRL LUNCH BOX
PLASTERS IN TIN CIRCUS PARADE ,"PLASTERS IN TIN STRONGMAN, PLASTERS IN TIN WOODLAND ANIMALS"
"PLASTERS IN TIN STRONGMAN, PLASTERS IN TIN WOODLAND ANIMALS",PLASTERS IN TIN CIRCUS PARADE 
CIRCUS PARADE LUNCH BOX ,"POSTAGE, SPACEBOY LUNCH BOX "
"POSTAGE, SPACEBOY LUNCH BOX ",CIRCUS PARADE LUNCH BOX 
"PLASTERS IN TIN CIRCUS PARADE , ROUND SNACK BOXES SET OF4 WOODLAND ",PLASTERS IN TIN SPACEBOY
PLASTERS IN TIN SPACEBOY,"PLASTERS IN TIN CIRCUS PARADE , ROUND SNACK BOXES SET OF4 WOODLAND "
LUNCH BAG SPACEBOY DESIGN ,LUNCH BAG APPLE DESIGN
LUNCH BAG APPLE DESIGN,LUNCH BAG SPACEBOY DESIGN 
STRAWBERRY LUNCH BOX WITH CUTLERY,LUNCH BOX WITH CUTLERY RETROSPOT 
LUNCH BOX WITH CUTLERY RETROSPOT ,STRAWBERRY LUNCH BOX WITH CUTLERY
PLASTERS IN TIN WOODLAND ANIMALS,"PLASTERS IN TIN CIRCUS PARADE , PLASTERS IN TIN SPACEBOY, ROUND SNACK BOXES SET OF4 WOODLAND "
"PLASTERS IN TIN CIRCUS PARADE , PLASTERS IN TIN SPACEBOY, ROUND SNACK BOXES SET OF4 WOODLAND ",PLASTERS IN TIN WOODLAND ANIMALS
PLASTERS IN TIN CIRCUS PARADE ,"PLASTERS IN TIN STRONGMAN, PLASTERS IN TIN WOODLAND ANIMALS, POSTAGE"
"PLASTERS IN TIN STRONGMAN, PLASTERS IN TIN WOODLAND ANIMALS, POSTAGE",PLASTERS IN TIN CIRCUS PARADE 
PLASTERS IN TIN SPACEBOY,"PLASTERS IN TIN CIRCUS PARADE , POSTAGE, ROUND SNACK BOXES SET OF4 WOODLAND "
"PLASTERS IN TIN CIRCUS PARADE , POSTAGE, ROUND SNACK BOXES SET OF4 WOODLAND ",PLASTERS IN TIN SPACEBOY
PACK OF 72 RETROSPOT CAKE CASES,PACK OF 60 MUSHROOM CAKE CASES
PACK OF 60 MUSHROOM CAKE CASES,PACK OF 72 RETROSPOT CAKE CASES
"PLASTERS IN TIN SPACEBOY, ROUND SNACK BOXES SET OF4 WOODLAND ","PLASTERS IN TIN CIRCUS PARADE , POSTAGE"
"PLASTERS IN TIN CIRCUS PARADE , POSTAGE","PLASTERS IN TIN SPACEBOY, ROUND SNACK BOXES SET OF4 WOODLAND "
"PLASTERS IN TIN CIRCUS PARADE , ROUND SNACK BOXES SET OF 4 FRUITS ",PLASTERS IN TIN SPACEBOY
PLASTERS IN TIN SPACEBOY,"PLASTERS IN TIN CIRCUS PARADE , ROUND SNACK BOXES SET OF 4 FRUITS "
LUNCH BAG SPACEBOY DESIGN ,LUNCH BAG WOODLAND
LUNCH BAG WOODLAND,LUNCH BAG SPACEBOY DESIGN 
PLASTERS IN TIN SPACEBOY,"PLASTERS IN TIN CIRCUS PARADE , PLASTERS IN TIN WOODLAND ANIMALS"
"PLASTERS IN TIN CIRCUS PARADE , PLASTERS IN TIN WOODLAND ANIMALS",PLASTERS IN TIN SPACEBOY
PLASTERS IN TIN SPACEBOY,"PLASTERS IN TIN STRONGMAN, PLASTERS IN TIN WOODLAND ANIMALS"
"PLASTERS IN TIN STRONGMAN, PLASTERS IN TIN WOODLAND ANIMALS",PLASTERS IN TIN SPACEBOY
JUMBO BAG WOODLAND ANIMALS,JUMBO BAG RED RETROSPOT
JUMBO BAG RED RETROSPOT,JUMBO BAG WOODLAND ANIMALS
"PLASTERS IN TIN SPACEBOY, PLASTERS IN TIN STRONGMAN",PLASTERS IN TIN WOODLAND ANIMALS
PLASTERS IN TIN WOODLAND ANIMALS,"PLASTERS IN TIN SPACEBOY, PLASTERS IN TIN STRONGMAN"
PLASTERS IN TIN SPACEBOY,"PLASTERS IN TIN CIRCUS PARADE , PLASTERS IN TIN WOODLAND ANIMALS, POSTAGE"
"PLASTERS IN TIN CIRCUS PARADE , PLASTERS IN TIN WOODLAND ANIMALS, POSTAGE",PLASTERS IN TIN SPACEBOY
"PLASTERS IN TIN CIRCUS PARADE , PLASTERS IN TIN SPACEBOY, PLASTERS IN TIN STRONGMAN",PLASTERS IN TIN WOODLAND ANIMALS
PLASTERS IN TIN WOODLAND ANIMALS,"PLASTERS IN TIN CIRCUS PARADE , PLASTERS IN TIN SPACEBOY, PLASTERS IN TIN STRONGMAN"
"PLASTERS IN TIN SPACEBOY, ROUND SNACK BOXES SET OF4 WOODLAND ","PLASTERS IN TIN WOODLAND ANIMALS, POSTAGE"
"PLASTERS IN TIN WOODLAND ANIMALS, POSTAGE","PLASTERS IN TIN SPACEBOY, ROUND SNACK BOXES SET OF4 WOODLAND "
PLASTERS IN TIN WOODLAND ANIMALS,"PLASTERS IN TIN CIRCUS PARADE , PLASTERS IN TIN SPACEBOY"
"PLASTERS IN TIN CIRCUS PARADE , PLASTERS IN TIN SPACEBOY",PLASTERS IN TIN WOODLAND ANIMALS
PLASTERS IN TIN STRONGMAN,"PLASTERS IN TIN CIRCUS PARADE , PLASTERS IN TIN WOODLAND ANIMALS"
"PLASTERS IN TIN CIRCUS PARADE , PLASTERS IN TIN WOODLAND ANIMALS",PLASTERS IN TIN STRONGMAN
"LUNCH BAG RED RETROSPOT, POSTAGE",LUNCH BAG SPACEBOY DESIGN 
LUNCH BAG SPACEBOY DESIGN ,"LUNCH BAG RED RETROSPOT, POSTAGE"
LUNCH BAG APPLE DESIGN,"LUNCH BAG RED RETROSPOT, POSTAGE"
"LUNCH BAG RED RETROSPOT, POSTAGE",LUNCH BAG APPLE DESIGN
LUNCH BAG CARS BLUE,LUNCH BAG RED RETROSPOT
LUNCH BAG RED RETROSPOT,LUNCH BAG CARS BLUE
ROUND SNACK BOXES SET OF 4 FRUITS ,"PLASTERS IN TIN CIRCUS PARADE , POSTAGE, ROUND SNACK BOXES SET OF4 WOODLAND "
"PLASTERS IN TIN CIRCUS PARADE , POSTAGE, ROUND SNACK BOXES SET OF4 WOODLAND ",ROUND SNACK BOXES SET OF 4 FRUITS 
"PLASTERS IN TIN CIRCUS PARADE , PLASTERS IN TIN SPACEBOY","PLASTERS IN TIN WOODLAND ANIMALS, POSTAGE"
"PLASTERS IN TIN WOODLAND ANIMALS, POSTAGE","PLASTERS IN TIN CIRCUS PARADE , PLASTERS IN TIN SPACEBOY"
"PLASTERS IN TIN WOODLAND ANIMALS, ROUND SNACK BOXES SET OF 4 FRUITS ",PLASTERS IN TIN CIRCUS PARADE 
PLASTERS IN TIN CIRCUS PARADE ,"PLASTERS IN TIN WOODLAND ANIMALS, ROUND SNACK BOXES SET OF 4 FRUITS "
"PLASTERS IN TIN SPACEBOY, ROUND SNACK BOXES SET OF4 WOODLAND ",PLASTERS IN TIN CIRCUS PARADE 
PLASTERS IN TIN CIRCUS PARADE ,"PLASTERS IN TIN SPACEBOY, ROUND SNACK BOXES SET OF4 WOODLAND "
"PLASTERS IN TIN SPACEBOY, POSTAGE, ROUND SNACK BOXES SET OF4 WOODLAND ",PLASTERS IN TIN CIRCUS PARADE 
PLASTERS IN TIN CIRCUS PARADE ,"PLASTERS IN TIN SPACEBOY, POSTAGE, ROUND SNACK BOXES SET OF4 WOODLAND "
"PLASTERS IN TIN CIRCUS PARADE , ROUND SNACK BOXES SET OF4 WOODLAND ","PLASTERS IN TIN WOODLAND ANIMALS, POSTAGE"
"PLASTERS IN TIN WOODLAND ANIMALS, POSTAGE","PLASTERS IN TIN CIRCUS PARADE , ROUND SNACK BOXES SET OF4 WOODLAND "
LUNCH BAG WOODLAND,"LUNCH BAG RED RETROSPOT, POSTAGE"
"LUNCH BAG RED RETROSPOT, POSTAGE",LUNCH BAG WOODLAND
"PLASTERS IN TIN CIRCUS PARADE , PLASTERS IN TIN STRONGMAN",PLASTERS IN TIN SPACEBOY
PLASTERS IN TIN SPACEBOY,"PLASTERS IN TIN CIRCUS PARADE , PLASTERS IN TIN STRONGMAN"
"PLASTERS IN TIN SPACEBOY, POSTAGE","PLASTERS IN TIN CIRCUS PARADE , PLASTERS IN TIN WOODLAND ANIMALS"
"PLASTERS IN TIN CIRCUS PARADE , PLASTERS IN TIN WOODLAND ANIMALS","PLASTERS IN TIN SPACEBOY, POSTAGE"
"PLASTERS IN TIN SPACEBOY, POSTAGE","PLASTERS IN TIN WOODLAND ANIMALS, ROUND SNACK BOXES SET OF4 WOODLAND "
"PLASTERS IN TIN WOODLAND ANIMALS, ROUND SNACK BOXES SET OF4 WOODLAND ","PLASTERS IN TIN SPACEBOY, POSTAGE"
CHARLOTTE BAG APPLES DESIGN,RED RETROSPOT CHARLOTTE BAG
RED RETROSPOT CHARLOTTE BAG,CHARLOTTE BAG APPLES DESIGN
"ROUND SNACK BOXES SET OF4 WOODLAND , SPACEBOY LUNCH BOX ",DOLLY GIRL LUNCH BOX
DOLLY GIRL LUNCH BOX,"ROUND SNACK BOXES SET OF4 WOODLAND , SPACEBOY LUNCH BOX "
"PLASTERS IN TIN CIRCUS PARADE , PLASTERS IN TIN SPACEBOY, POSTAGE",PLASTERS IN TIN WOODLAND ANIMALS
PLASTERS IN TIN WOODLAND ANIMALS,"PLASTERS IN TIN CIRCUS PARADE , PLASTERS IN TIN SPACEBOY, POSTAGE"
SPACEBOY LUNCH BOX ,CIRCUS PARADE LUNCH BOX 
CIRCUS PARADE LUNCH BOX ,SPACEBOY LUNCH BOX 
PLASTERS IN TIN CIRCUS PARADE ,PLASTERS IN TIN STRONGMAN
PLASTERS IN TIN STRONGMAN,PLASTERS IN TIN CIRCUS PARADE 
PLASTERS IN TIN WOODLAND ANIMALS,"PLASTERS IN TIN SPACEBOY, ROUND SNACK BOXES SET OF4 WOODLAND "
"PLASTERS IN TIN SPACEBOY, ROUND SNACK BOXES SET OF4 WOODLAND ",PLASTERS IN TIN WOODLAND ANIMALS
"PLASTERS IN TIN STRONGMAN, POSTAGE","PLASTERS IN TIN CIRCUS PARADE , PLASTERS IN TIN WOODLAND ANIMALS"
"PLASTERS IN TIN CIRCUS PARADE , PLASTERS IN TIN WOODLAND ANIMALS","PLASTERS IN TIN STRONGMAN, POSTAGE"
"PLASTERS IN TIN STRONGMAN, POSTAGE",PLASTERS IN TIN CIRCUS PARADE 
PLASTERS IN TIN CIRCUS PARADE ,"PLASTERS IN TIN STRONGMAN, POSTAGE"
"PLASTERS IN TIN CIRCUS PARADE , ROUND SNACK BOXES SET OF4 WOODLAND ","POSTAGE, ROUND SNACK BOXES SET OF 4 FRUITS "
"POSTAGE, ROUND SNACK BOXES SET OF 4 FRUITS ","PLASTERS IN TIN CIRCUS PARADE , ROUND SNACK BOXES SET OF4 WOODLAND "
PLASTERS IN TIN CIRCUS PARADE ,"PLASTERS IN TIN SPACEBOY, PLASTERS IN TIN WOODLAND ANIMALS"
"PLASTERS IN TIN SPACEBOY, PLASTERS IN TIN WOODLAND ANIMALS",PLASTERS IN TIN CIRCUS PARADE 
LUNCH BAG DOLLY GIRL DESIGN,LUNCH BAG RED RETROSPOT
LUNCH BAG RED RETROSPOT,LUNCH BAG DOLLY GIRL DESIGN
"PLASTERS IN TIN SPACEBOY, PLASTERS IN TIN WOODLAND ANIMALS, POSTAGE",PLASTERS IN TIN CIRCUS PARADE 
PLASTERS IN TIN CIRCUS PARADE ,"PLASTERS IN TIN SPACEBOY, PLASTERS IN TIN WOODLAND ANIMALS, POSTAGE"
"PLASTERS IN TIN WOODLAND ANIMALS, ROUND SNACK BOXES SET OF4 WOODLAND ",PLASTERS IN TIN SPACEBOY
PLASTERS IN TIN SPACEBOY,"PLASTERS IN TIN WOODLAND ANIMALS, ROUND SNACK BOXES SET OF4 WOODLAND "
"PLASTERS IN TIN CIRCUS PARADE , ROUND SNACK BOXES SET OF4 WOODLAND ",PLASTERS IN TIN WOODLAND ANIMALS
PLASTERS IN TIN WOODLAND ANIMALS,"PLASTERS IN TIN CIRCUS PARADE , ROUND SNACK BOXES SET OF4 WOODLAND "
PLASTERS IN TIN STRONGMAN,"PLASTERS IN TIN CIRCUS PARADE , PLASTERS IN TIN WOODLAND ANIMALS, POSTAGE"
"PLASTERS IN TIN CIRCUS PARADE , PLASTERS IN TIN WOODLAND ANIMALS, POSTAGE",PLASTERS IN TIN STRONGMAN
ROUND SNACK BOXES SET OF 4 FRUITS ,"PLASTERS IN TIN CIRCUS PARADE , ROUND SNACK BOXES SET OF4 WOODLAND "
"PLASTERS IN TIN CIRCUS PARADE , ROUND SNACK BOXES SET OF4 WOODLAND ",ROUND SNACK BOXES SET OF 4 FRUITS 
DOLLY GIRL LUNCH BOX,CIRCUS PARADE LUNCH BOX 
CIRCUS PARADE LUNCH BOX ,DOLLY GIRL LUNCH BOX
LUNCH BAG RED RETROSPOT,RED RETROSPOT PICNIC BAG
"LUNCH BAG SPACEBOY DESIGN , POSTAGE",LUNCH BAG RED RETROSPOT
RED RETROSPOT PICNIC BAG,LUNCH BAG RED RETROSPOT
LUNCH BAG RED RETROSPOT,"LUNCH BAG SPACEBOY DESIGN , POSTAGE"
LUNCH BAG WOODLAND,"LUNCH BAG APPLE DESIGN, POSTAGE"
"LUNCH BAG APPLE DESIGN, POSTAGE",LUNCH BAG WOODLAND
"PLASTERS IN TIN SPACEBOY, POSTAGE, ROUND SNACK BOXES SET OF4 WOODLAND ",PLASTERS IN TIN WOODLAND ANIMALS
PLASTERS IN TIN WOODLAND ANIMALS,"PLASTERS IN TIN SPACEBOY, POSTAGE, ROUND SNACK BOXES SET OF4 WOODLAND "
LUNCH BAG APPLE DESIGN,LUNCH BAG WOODLAND
LUNCH BAG WOODLAND,LUNCH BAG APPLE DESIGN
PLASTERS IN TIN SPACEBOY,"PLASTERS IN TIN WOODLAND ANIMALS, POSTAGE, ROUND SNACK BOXES SET OF4 WOODLAND "
"PLASTERS IN TIN WOODLAND ANIMALS, POSTAGE, ROUND SNACK BOXES SET OF4 WOODLAND ",PLASTERS IN TIN SPACEBOY
PLASTERS IN TIN STRONGMAN,"PLASTERS IN TIN SPACEBOY, PLASTERS IN TIN WOODLAND ANIMALS"
"PLASTERS IN TIN SPACEBOY, PLASTERS IN TIN WOODLAND ANIMALS",PLASTERS IN TIN STRONGMAN
"PLASTERS IN TIN STRONGMAN, PLASTERS IN TIN WOODLAND ANIMALS","PLASTERS IN TIN CIRCUS PARADE , POSTAGE"
LUNCH BAG RED RETROSPOT,LUNCH BAG SPACEBOY DESIGN 
LUNCH BAG SPACEBOY DESIGN ,LUNCH BAG RED RETROSPOT
"PLASTERS IN TIN CIRCUS PARADE , POSTAGE","PLASTERS IN TIN STRONGMAN, PLASTERS IN TIN WOODLAND ANIMALS"
"RED RETROSPOT MINI CASES, ROUND SNACK BOXES SET OF4 WOODLAND ",ROUND SNACK BOXES SET OF 4 FRUITS 
ROUND SNACK BOXES SET OF 4 FRUITS ,"RED RETROSPOT MINI CASES, ROUND SNACK BOXES SET OF4 WOODLAND "
PLASTERS IN TIN WOODLAND ANIMALS,PLASTERS IN TIN SPACEBOY
PLASTERS IN TIN SPACEBOY,PLASTERS IN TIN WOODLAND ANIMALS
"LUNCH BAG WOODLAND, POSTAGE",LUNCH BAG APPLE DESIGN
LUNCH BAG APPLE DESIGN,"LUNCH BAG WOODLAND, POSTAGE"
"PLASTERS IN TIN CIRCUS PARADE , POSTAGE","PLASTERS IN TIN SPACEBOY, PLASTERS IN TIN WOODLAND ANIMALS"
"PLASTERS IN TIN SPACEBOY, PLASTERS IN TIN WOODLAND ANIMALS","PLASTERS IN TIN CIRCUS PARADE , POSTAGE"
PLASTERS IN TIN WOODLAND ANIMALS,"PLASTERS IN TIN CIRCUS PARADE , POSTAGE, ROUND SNACK BOXES SET OF4 WOODLAND "
"PLASTERS IN TIN CIRCUS PARADE , POSTAGE, ROUND SNACK BOXES SET OF4 WOODLAND ",PLASTERS IN TIN WOODLAND ANIMALS
"PLASTERS IN TIN WOODLAND ANIMALS, POSTAGE",PLASTERS IN TIN SPACEBOY
PLASTERS IN TIN SPACEBOY,"PLASTERS IN TIN WOODLAND ANIMALS, POSTAGE"
"POSTAGE, ROUND SNACK BOXES SET OF4 WOODLAND , SPACEBOY LUNCH BOX ",ROUND SNACK BOXES SET OF 4 FRUITS 
ROUND SNACK BOXES SET OF 4 FRUITS ,"POSTAGE, ROUND SNACK BOXES SET OF4 WOODLAND , SPACEBOY LUNCH BOX "
PLASTERS IN TIN CIRCUS PARADE ,"PLASTERS IN TIN WOODLAND ANIMALS, ROUND SNACK BOXES SET OF4 WOODLAND "
"PLASTERS IN TIN WOODLAND ANIMALS, ROUND SNACK BOXES SET OF4 WOODLAND ",PLASTERS IN TIN CIRCUS PARADE 
PLASTERS IN TIN WOODLAND ANIMALS,"PLASTERS IN TIN CIRCUS PARADE , PLASTERS IN TIN STRONGMAN"
"PLASTERS IN TIN CIRCUS PARADE , PLASTERS IN TIN STRONGMAN",PLASTERS IN TIN WOODLAND ANIMALS
SPACEBOY LUNCH BOX ,"LUNCH BAG SPACEBOY DESIGN , POSTAGE"
"LUNCH BAG SPACEBOY DESIGN , POSTAGE",SPACEBOY LUNCH BOX 
JUMBO BAG RED RETROSPOT,JUMBO BAG APPLES
JUMBO BAG APPLES,JUMBO BAG RED RETROSPOT
"PLASTERS IN TIN CIRCUS PARADE , POSTAGE",PLASTERS IN TIN STRONGMAN
PLASTERS IN TIN STRONGMAN,"PLASTERS IN TIN CIRCUS PARADE , POSTAGE"
"PLASTERS IN TIN WOODLAND ANIMALS, ROUND SNACK BOXES SET OF 4 FRUITS ","POSTAGE, ROUND SNACK BOXES SET OF4 WOODLAND "
"POSTAGE, ROUND SNACK BOXES SET OF4 WOODLAND ","PLASTERS IN TIN WOODLAND ANIMALS, ROUND SNACK BOXES SET OF 4 FRUITS "
ROUND SNACK BOXES SET OF4 WOODLAND ,"RED RETROSPOT MINI CASES, ROUND SNACK BOXES SET OF 4 FRUITS "
"RED RETROSPOT MINI CASES, ROUND SNACK BOXES SET OF 4 FRUITS ",ROUND SNACK BOXES SET OF4 WOODLAND 
"PLASTERS IN TIN CIRCUS PARADE , POSTAGE","PLASTERS IN TIN WOODLAND ANIMALS, ROUND SNACK BOXES SET OF4 WOODLAND "
"PLASTERS IN TIN WOODLAND ANIMALS, ROUND SNACK BOXES SET OF4 WOODLAND ","PLASTERS IN TIN CIRCUS PARADE , POSTAGE"
PACK OF 72 RETROSPOT CAKE CASES,SET OF 72 RETROSPOT PAPER  DOILIES
SET OF 72 RETROSPOT PAPER  DOILIES,PACK OF 72 RETROSPOT CAKE CASES
LUNCH BAG WOODLAND,LUNCH BAG RED RETROSPOT
LUNCH BAG RED RETROSPOT,LUNCH BAG WOODLAND
"LUNCH BAG APPLE DESIGN, POSTAGE",LUNCH BAG RED RETROSPOT
LUNCH BAG RED RETROSPOT,"LUNCH BAG APPLE DESIGN, POSTAGE"
JAM MAKING SET WITH JARS,JAM MAKING SET PRINTED
JAM MAKING SET PRINTED,JAM MAKING SET WITH JARS
"POSTAGE, ROUND SNACK BOXES SET OF4 WOODLAND ","ROUND SNACK BOXES SET OF 4 FRUITS , SPACEBOY LUNCH BOX "
"ROUND SNACK BOXES SET OF 4 FRUITS , SPACEBOY LUNCH BOX ","POSTAGE, ROUND SNACK BOXES SET OF4 WOODLAND "
PLASTERS IN TIN WOODLAND ANIMALS,"PLASTERS IN TIN SPACEBOY, POSTAGE"
"PLASTERS IN TIN SPACEBOY, POSTAGE",PLASTERS IN TIN WOODLAND ANIMALS
PLASTERS IN TIN WOODLAND ANIMALS,"PLASTERS IN TIN CIRCUS PARADE , ROUND SNACK BOXES SET OF 4 FRUITS "
"PLASTERS IN TIN CIRCUS PARADE , ROUND SNACK BOXES SET OF 4 FRUITS ",PLASTERS IN TIN WOODLAND ANIMALS
"POSTAGE, ROUND SNACK BOXES SET OF4 WOODLAND ","PLASTERS IN TIN CIRCUS PARADE , ROUND SNACK BOXES SET OF 4 FRUITS "
"PLASTERS IN TIN CIRCUS PARADE , ROUND SNACK BOXES SET OF 4 FRUITS ","POSTAGE, ROUND SNACK BOXES SET OF4 WOODLAND "
PLASTERS IN TIN CIRCUS PARADE ,PLASTERS IN TIN SPACEBOY
PLASTERS IN TIN SPACEBOY,PLASTERS IN TIN CIRCUS PARADE 
PLASTERS IN TIN CIRCUS PARADE ,"PLASTERS IN TIN SPACEBOY, POSTAGE"
"PLASTERS IN TIN SPACEBOY, POSTAGE",PLASTERS IN TIN CIRCUS PARADE 
ROUND SNACK BOXES SET OF4 WOODLAND ,"POSTAGE, ROUND SNACK BOXES SET OF 4 FRUITS , SPACEBOY LUNCH BOX "
"POSTAGE, ROUND SNACK BOXES SET OF 4 FRUITS , SPACEBOY LUNCH BOX ",ROUND SNACK BOXES SET OF4 WOODLAND 
PLASTERS IN TIN CIRCUS PARADE ,"PLASTERS IN TIN WOODLAND ANIMALS, POSTAGE, ROUND SNACK BOXES SET OF4 WOODLAND "
"PLASTERS IN TIN WOODLAND ANIMALS, POSTAGE, ROUND SNACK BOXES SET OF4 WOODLAND ",PLASTERS IN TIN CIRCUS PARADE 
ROUND SNACK BOXES SET OF 4 FRUITS ,"PLASTERS IN TIN WOODLAND ANIMALS, POSTAGE, ROUND SNACK BOXES SET OF4 WOODLAND "
"PLASTERS IN TIN WOODLAND ANIMALS, POSTAGE, ROUND SNACK BOXES SET OF4 WOODLAND ",ROUND SNACK BOXES SET OF 4 FRUITS 
PLASTERS IN TIN WOODLAND ANIMALS,"PLASTERS IN TIN CIRCUS PARADE , PLASTERS IN TIN STRONGMAN, POSTAGE"
"PLASTERS IN TIN CIRCUS PARADE , PLASTERS IN TIN STRONGMAN, POSTAGE",PLASTERS IN TIN WOODLAND ANIMALS
ROUND SNACK BOXES SET OF4 WOODLAND ,"ROUND SNACK BOXES SET OF 4 FRUITS , SPACEBOY LUNCH BOX "
"ROUND SNACK BOXES SET OF 4 FRUITS , SPACEBOY LUNCH BOX ",ROUND SNACK BOXES SET OF4 WOODLAND 
PLASTERS IN TIN CIRCUS PARADE ,PLASTERS IN TIN WOODLAND ANIMALS
PLASTERS IN TIN WOODLAND ANIMALS,PLASTERS IN TIN CIRCUS PARADE 
ROUND SNACK BOXES SET OF4 WOODLAND ,"PLASTERS IN TIN WOODLAND ANIMALS, ROUND SNACK BOXES SET OF 4 FRUITS "
"PLASTERS IN TIN WOODLAND ANIMALS, ROUND SNACK BOXES SET OF 4 FRUITS ",ROUND SNACK BOXES SET OF4 WOODLAND 
"PLASTERS IN TIN WOODLAND ANIMALS, POSTAGE",PLASTERS IN TIN CIRCUS PARADE 
PLASTERS IN TIN CIRCUS PARADE ,"PLASTERS IN TIN WOODLAND ANIMALS, POSTAGE"
ROUND SNACK BOXES SET OF4 WOODLAND ,"PLASTERS IN TIN WOODLAND ANIMALS, POSTAGE, ROUND SNACK BOXES SET OF 4 FRUITS "
"PLASTERS IN TIN WOODLAND ANIMALS, POSTAGE, ROUND SNACK BOXES SET OF 4 FRUITS ",ROUND SNACK BOXES SET OF4 WOODLAND 
"ROUND SNACK BOXES SET OF4 WOODLAND , SPACEBOY LUNCH BOX ","POSTAGE, ROUND SNACK BOXES SET OF 4 FRUITS "
"POSTAGE, ROUND SNACK BOXES SET OF 4 FRUITS ","ROUND SNACK BOXES SET OF4 WOODLAND , SPACEBOY LUNCH BOX "
"PLASTERS IN TIN CIRCUS PARADE , POSTAGE",PLASTERS IN TIN SPACEBOY
PLASTERS IN TIN SPACEBOY,"PLASTERS IN TIN CIRCUS PARADE , POSTAGE"
"ROUND SNACK BOXES SET OF4 WOODLAND , SPACEBOY LUNCH BOX ",ROUND SNACK BOXES SET OF 4 FRUITS 
ROUND SNACK BOXES SET OF 4 FRUITS ,"ROUND SNACK BOXES SET OF4 WOODLAND , SPACEBOY LUNCH BOX "
LUNCH BAG RED RETROSPOT,"LUNCH BAG WOODLAND, POSTAGE"
"LUNCH BAG WOODLAND, POSTAGE",LUNCH BAG RED RETROSPOT
LUNCH BAG APPLE DESIGN,LUNCH BAG RED RETROSPOT
LUNCH BAG RED RETROSPOT,LUNCH BAG APPLE DESIGN
ROUND SNACK BOXES SET OF4 WOODLAND ,"PLASTERS IN TIN CIRCUS PARADE , POSTAGE, ROUND SNACK BOXES SET OF 4 FRUITS "
"PLASTERS IN TIN CIRCUS PARADE , POSTAGE, ROUND SNACK BOXES SET OF 4 FRUITS ",ROUND SNACK BOXES SET OF4 WOODLAND 
"PLASTERS IN TIN SPACEBOY, ROUND SNACK BOXES SET OF4 WOODLAND ",ROUND SNACK BOXES SET OF 4 FRUITS 
ROUND SNACK BOXES SET OF 4 FRUITS ,"PLASTERS IN TIN SPACEBOY, ROUND SNACK BOXES SET OF4 WOODLAND "
"PLASTERS IN TIN WOODLAND ANIMALS, POSTAGE","PLASTERS IN TIN CIRCUS PARADE , PLASTERS IN TIN STRONGMAN"
"PLASTERS IN TIN CIRCUS PARADE , ROUND SNACK BOXES SET OF 4 FRUITS ",ROUND SNACK BOXES SET OF4 WOODLAND 
"PLASTERS IN TIN CIRCUS PARADE , PLASTERS IN TIN STRONGMAN","PLASTERS IN TIN WOODLAND ANIMALS, POSTAGE"
ROUND SNACK BOXES SET OF4 WOODLAND ,"PLASTERS IN TIN CIRCUS PARADE , ROUND SNACK BOXES SET OF 4 FRUITS "
PLASTERS IN TIN SPACEBOY,PLASTERS IN TIN STRONGMAN
PLASTERS IN TIN STRONGMAN,PLASTERS IN TIN SPACEBOY
"JUMBO BAG WOODLAND ANIMALS, POSTAGE",WOODLAND CHARLOTTE BAG
WOODLAND CHARLOTTE BAG,"JUMBO BAG WOODLAND ANIMALS, POSTAGE"
PLASTERS IN TIN STRONGMAN,PLASTERS IN TIN WOODLAND ANIMALS
PLASTERS IN TIN WOODLAND ANIMALS,PLASTERS IN TIN STRONGMAN
LUNCH BAG SPACEBOY DESIGN ,"POSTAGE, SPACEBOY LUNCH BOX "
"POSTAGE, SPACEBOY LUNCH BOX ",LUNCH BAG SPACEBOY DESIGN 
PLASTERS IN TIN CIRCUS PARADE ,PLASTERS IN TIN SKULLS
PLASTERS IN TIN SKULLS,PLASTERS IN TIN CIRCUS PARADE 
JUMBO BAG WOODLAND ANIMALS,WOODLAND CHARLOTTE BAG
WOODLAND CHARLOTTE BAG,JUMBO BAG WOODLAND ANIMALS
"POSTAGE, ROUND SNACK BOXES SET OF4 WOODLAND ",ROUND SNACK BOXES SET OF 4 FRUITS 
ROUND SNACK BOXES SET OF 4 FRUITS ,"POSTAGE, ROUND SNACK BOXES SET OF4 WOODLAND "
BAKING SET 9 PIECE RETROSPOT ,RETROSPOT TEA SET CERAMIC 11 PC 
RETROSPOT TEA SET CERAMIC 11 PC ,BAKING SET 9 PIECE RETROSPOT 
"POSTAGE, ROUND SNACK BOXES SET OF 4 FRUITS ","PLASTERS IN TIN WOODLAND ANIMALS, ROUND SNACK BOXES SET OF4 WOODLAND "
"PLASTERS IN TIN WOODLAND ANIMALS, ROUND SNACK BOXES SET OF4 WOODLAND ","POSTAGE, ROUND SNACK BOXES SET OF 4 FRUITS "
SPACEBOY LUNCH BOX ,LUNCH BAG SPACEBOY DESIGN 
LUNCH BAG SPACEBOY DESIGN ,SPACEBOY LUNCH BOX 
"POSTAGE, WOODLAND CHARLOTTE BAG",JUMBO BAG WOODLAND ANIMALS
JUMBO BAG WOODLAND ANIMALS,"POSTAGE, WOODLAND CHARLOTTE BAG"
"PLASTERS IN TIN CIRCUS PARADE , POSTAGE",PLASTERS IN TIN WOODLAND ANIMALS
PLASTERS IN TIN WOODLAND ANIMALS,"PLASTERS IN TIN CIRCUS PARADE , POSTAGE"
ROUND SNACK BOXES SET OF4 WOODLAND ,"PLASTERS IN TIN SPACEBOY, ROUND SNACK BOXES SET OF 4 FRUITS "
"PLASTERS IN TIN SPACEBOY, ROUND SNACK BOXES SET OF 4 FRUITS ",ROUND SNACK BOXES SET OF4 WOODLAND 
"PLASTERS IN TIN STRONGMAN, POSTAGE",PLASTERS IN TIN SPACEBOY
PLASTERS IN TIN SPACEBOY,"PLASTERS IN TIN STRONGMAN, POSTAGE"
"PLASTERS IN TIN WOODLAND ANIMALS, ROUND SNACK BOXES SET OF4 WOODLAND ",ROUND SNACK BOXES SET OF 4 FRUITS 
ROUND SNACK BOXES SET OF 4 FRUITS ,"PLASTERS IN TIN WOODLAND ANIMALS, ROUND SNACK BOXES SET OF4 WOODLAND "
ROUND SNACK BOXES SET OF4 WOODLAND ,"POSTAGE, ROUND SNACK BOXES SET OF 4 FRUITS "
"POSTAGE, ROUND SNACK BOXES SET OF 4 FRUITS ",ROUND SNACK BOXES SET OF4 WOODLAND 
"PLASTERS IN TIN STRONGMAN, POSTAGE",PLASTERS IN TIN WOODLAND ANIMALS
PLASTERS IN TIN WOODLAND ANIMALS,"PLASTERS IN TIN STRONGMAN, POSTAGE"
ROUND SNACK BOXES SET OF4 WOODLAND ,ROUND SNACK BOXES SET OF 4 FRUITS 
ROUND SNACK BOXES SET OF 4 FRUITS ,ROUND SNACK BOXES SET OF4 WOODLAND 
ROSES REGENCY TEACUP AND SAUCER ,REGENCY CAKESTAND 3 TIER
REGENCY CAKESTAND 3 TIER,ROSES REGENCY TEACUP AND SAUCER 
"PLASTERS IN TIN WOODLAND ANIMALS, POSTAGE",PLASTERS IN TIN STRONGMAN
PLASTERS IN TIN STRONGMAN,"PLASTERS IN TIN WOODLAND ANIMALS, POSTAGE"
PLASTERS IN TIN STRONGMAN,"PLASTERS IN TIN SPACEBOY, POSTAGE"
"PLASTERS IN TIN SPACEBOY, POSTAGE",PLASTERS IN TIN STRONGMAN
ROUND SNACK BOXES SET OF 4 FRUITS ,"LUNCH BOX WITH CUTLERY RETROSPOT , POSTAGE"
"LUNCH BOX WITH CUTLERY RETROSPOT , POSTAGE",ROUND SNACK BOXES SET OF 4 FRUITS 
PACK OF 72 RETROSPOT CAKE CASES,SET/20 RED RETROSPOT PAPER NAPKINS 
SET/20 RED RETROSPOT PAPER NAPKINS ,PACK OF 72 RETROSPOT CAKE CASES
"POSTAGE, ROUND SNACK BOXES SET OF 4 FRUITS ",LUNCH BOX WITH CUTLERY RETROSPOT 
LUNCH BOX WITH CUTLERY RETROSPOT ,"POSTAGE, ROUND SNACK BOXES SET OF 4 FRUITS "
PACK OF 72 RETROSPOT CAKE CASES,"SET/6 RED SPOTTY PAPER CUPS, SET/6 RED SPOTTY PAPER PLATES"
"SET/6 RED SPOTTY PAPER CUPS, SET/6 RED SPOTTY PAPER PLATES",PACK OF 72 RETROSPOT CAKE CASES
JUMBO BAG RED RETROSPOT,RED RETROSPOT CHARLOTTE BAG
RED RETROSPOT CHARLOTTE BAG,JUMBO BAG RED RETROSPOT
ROUND SNACK BOXES SET OF 4 FRUITS ,"PLASTERS IN TIN STRONGMAN, POSTAGE"
"PLASTERS IN TIN STRONGMAN, POSTAGE",ROUND SNACK BOXES SET OF 4 FRUITS 
PLASTERS IN TIN SPACEBOY,LUNCH BAG SPACEBOY DESIGN 
LUNCH BAG SPACEBOY DESIGN ,PLASTERS IN TIN SPACEBOY
"POSTAGE, SPACEBOY LUNCH BOX ","ROUND SNACK BOXES SET OF 4 FRUITS , ROUND SNACK BOXES SET OF4 WOODLAND "
"ROUND SNACK BOXES SET OF 4 FRUITS , ROUND SNACK BOXES SET OF4 WOODLAND ","POSTAGE, SPACEBOY LUNCH BOX "
SET/6 RED SPOTTY PAPER CUPS,PACK OF 72 RETROSPOT CAKE CASES
PACK OF 72 RETROSPOT CAKE CASES,SET/6 RED SPOTTY PAPER CUPS
SET/6 RED SPOTTY PAPER PLATES,PACK OF 72 RETROSPOT CAKE CASES
PACK OF 72 RETROSPOT CAKE CASES,SET/6 RED SPOTTY PAPER PLATES
PLASTERS IN TIN CIRCUS PARADE ,CIRCUS PARADE LUNCH BOX 
CIRCUS PARADE LUNCH BOX ,PLASTERS IN TIN CIRCUS PARADE 
ROUND SNACK BOXES SET OF 4 FRUITS ,LUNCH BOX WITH CUTLERY RETROSPOT 
REGENCY CAKESTAND 3 TIER,RED RETROSPOT CAKE STAND
LUNCH BOX WITH CUTLERY RETROSPOT ,ROUND SNACK BOXES SET OF 4 FRUITS 
RED RETROSPOT CAKE STAND,REGENCY CAKESTAND 3 TIER
JUMBO BAG RED RETROSPOT,LUNCH BAG RED RETROSPOT
LUNCH BAG RED RETROSPOT,JUMBO BAG RED RETROSPOT
LUNCH BOX WITH CUTLERY RETROSPOT ,LUNCH BAG RED RETROSPOT
LUNCH BAG RED RETROSPOT,LUNCH BOX WITH CUTLERY RETROSPOT 
"PLASTERS IN TIN CIRCUS PARADE , PLASTERS IN TIN SPACEBOY",ROUND SNACK BOXES SET OF 4 FRUITS 
ROUND SNACK BOXES SET OF 4 FRUITS ,"PLASTERS IN TIN CIRCUS PARADE , PLASTERS IN TIN SPACEBOY"
"POSTAGE, SPACEBOY LUNCH BOX ",ROUND SNACK BOXES SET OF 4 FRUITS 
ROUND SNACK BOXES SET OF 4 FRUITS ,"POSTAGE, SPACEBOY LUNCH BOX "
"POSTAGE, RED RETROSPOT MINI CASES",ROUND SNACK BOXES SET OF 4 FRUITS 
ROUND SNACK BOXES SET OF 4 FRUITS ,"POSTAGE, RED RETROSPOT MINI CASES"
"PLASTERS IN TIN CIRCUS PARADE , POSTAGE","ROUND SNACK BOXES SET OF 4 FRUITS , ROUND SNACK BOXES SET OF4 WOODLAND "
"ROUND SNACK BOXES SET OF 4 FRUITS , ROUND SNACK BOXES SET OF4 WOODLAND ","PLASTERS IN TIN CIRCUS PARADE , POSTAGE"
ROUND SNACK BOXES SET OF4 WOODLAND ,SPACEBOY CHILDRENS BOWL
SPACEBOY CHILDRENS BOWL,ROUND SNACK BOXES SET OF4 WOODLAND 
"PLASTERS IN TIN CIRCUS PARADE , POSTAGE",STRAWBERRY LUNCH BOX WITH CUTLERY
STRAWBERRY LUNCH BOX WITH CUTLERY,"PLASTERS IN TIN CIRCUS PARADE , POSTAGE"
"ROUND SNACK BOXES SET OF 4 FRUITS , ROUND SNACK BOXES SET OF4 WOODLAND ",SPACEBOY LUNCH BOX 
SPACEBOY LUNCH BOX ,"ROUND SNACK BOXES SET OF 4 FRUITS , ROUND SNACK BOXES SET OF4 WOODLAND "
RED RETROSPOT MINI CASES,"ROUND SNACK BOXES SET OF 4 FRUITS , ROUND SNACK BOXES SET OF4 WOODLAND "
"ROUND SNACK BOXES SET OF 4 FRUITS , ROUND SNACK BOXES SET OF4 WOODLAND ",RED RETROSPOT MINI CASES
STRAWBERRY LUNCH BOX WITH CUTLERY,"PLASTERS IN TIN WOODLAND ANIMALS, POSTAGE"
"PLASTERS IN TIN WOODLAND ANIMALS, POSTAGE",STRAWBERRY LUNCH BOX WITH CUTLERY
"POSTAGE, SPACEBOY LUNCH BOX ",ROUND SNACK BOXES SET OF4 WOODLAND 
ROUND SNACK BOXES SET OF4 WOODLAND ,"POSTAGE, SPACEBOY LUNCH BOX "
SPACEBOY LUNCH BOX ,"POSTAGE, ROUND SNACK BOXES SET OF 4 FRUITS , ROUND SNACK BOXES SET OF4 WOODLAND "
"POSTAGE, ROUND SNACK BOXES SET OF 4 FRUITS , ROUND SNACK BOXES SET OF4 WOODLAND ",SPACEBOY LUNCH BOX 
REGENCY CAKESTAND 3 TIER,SET OF 3 REGENCY CAKE TINS
SET OF 3 REGENCY CAKE TINS,REGENCY CAKESTAND 3 TIER
WOODLAND CHARLOTTE BAG,"POSTAGE, RED TOADSTOOL LED NIGHT LIGHT"
"POSTAGE, RED TOADSTOOL LED NIGHT LIGHT",WOODLAND CHARLOTTE BAG
ROUND SNACK BOXES SET OF4 WOODLAND ,"PLASTERS IN TIN CIRCUS PARADE , PLASTERS IN TIN SPACEBOY, POSTAGE"
"PLASTERS IN TIN CIRCUS PARADE , PLASTERS IN TIN SPACEBOY, POSTAGE",ROUND SNACK BOXES SET OF4 WOODLAND 
PLASTERS IN TIN SPACEBOY,DOLLY GIRL LUNCH BOX
DOLLY GIRL LUNCH BOX,PLASTERS IN TIN SPACEBOY
"POSTAGE, ROUND SNACK BOXES SET OF 4 FRUITS ",PLASTERS IN TIN STRONGMAN
PLASTERS IN TIN STRONGMAN,"POSTAGE, ROUND SNACK BOXES SET OF 4 FRUITS "
ROUND SNACK BOXES SET OF4 WOODLAND ,"DOLLY GIRL LUNCH BOX, POSTAGE"
"DOLLY GIRL LUNCH BOX, POSTAGE",ROUND SNACK BOXES SET OF4 WOODLAND 
PLASTERS IN TIN SPACEBOY,"POSTAGE, SPACEBOY LUNCH BOX "
"POSTAGE, SPACEBOY LUNCH BOX ",PLASTERS IN TIN SPACEBOY
SPACEBOY LUNCH BOX ,LUNCH BAG APPLE DESIGN
LUNCH BAG APPLE DESIGN,SPACEBOY LUNCH BOX 
"PLASTERS IN TIN WOODLAND ANIMALS, POSTAGE","ROUND SNACK BOXES SET OF 4 FRUITS , ROUND SNACK BOXES SET OF4 WOODLAND "
"ROUND SNACK BOXES SET OF 4 FRUITS , ROUND SNACK BOXES SET OF4 WOODLAND ","PLASTERS IN TIN WOODLAND ANIMALS, POSTAGE"
"ALARM CLOCK BAKELIKE RED , POSTAGE",ROUND SNACK BOXES SET OF4 WOODLAND 
ROUND SNACK BOXES SET OF4 WOODLAND ,"ALARM CLOCK BAKELIKE RED , POSTAGE"
"PLASTERS IN TIN CIRCUS PARADE , POSTAGE",ROUND SNACK BOXES SET OF 4 FRUITS 
ROUND SNACK BOXES SET OF 4 FRUITS ,"PLASTERS IN TIN CIRCUS PARADE , POSTAGE"
SPACEBOY LUNCH BOX ,"PLASTERS IN TIN SPACEBOY, POSTAGE"
"PLASTERS IN TIN SPACEBOY, POSTAGE",SPACEBOY LUNCH BOX 
PLASTERS IN TIN STRONGMAN,ROUND SNACK BOXES SET OF 4 FRUITS 
ROUND SNACK BOXES SET OF 4 FRUITS ,PLASTERS IN TIN STRONGMAN
STRAWBERRY LUNCH BOX WITH CUTLERY,ROUND SNACK BOXES SET OF 4 FRUITS 
ROUND SNACK BOXES SET OF 4 FRUITS ,STRAWBERRY LUNCH BOX WITH CUTLERY
PLASTERS IN TIN CIRCUS PARADE ,"POSTAGE, STRAWBERRY LUNCH BOX WITH CUTLERY"
"POSTAGE, STRAWBERRY LUNCH BOX WITH CUTLERY",PLASTERS IN TIN CIRCUS PARADE 
ROUND SNACK BOXES SET OF4 WOODLAND ,"RED RETROSPOT CHARLOTTE BAG, WOODLAND CHARLOTTE BAG"
"RED RETROSPOT CHARLOTTE BAG, WOODLAND CHARLOTTE BAG",ROUND SNACK BOXES SET OF4 WOODLAND 
"PLASTERS IN TIN CIRCUS PARADE , PLASTERS IN TIN SPACEBOY, PLASTERS IN TIN WOODLAND ANIMALS",ROUND SNACK BOXES SET OF4 WOODLAND 
ROUND SNACK BOXES SET OF4 WOODLAND ,"PLASTERS IN TIN CIRCUS PARADE , PLASTERS IN TIN SPACEBOY, PLASTERS IN TIN WOODLAND ANIMALS"
ROUND SNACK BOXES SET OF 4 FRUITS ,"PLASTERS IN TIN SPACEBOY, POSTAGE"
"PLASTERS IN TIN SPACEBOY, POSTAGE",ROUND SNACK BOXES SET OF 4 FRUITS 
SPACEBOY LUNCH BOX ,PLASTERS IN TIN SPACEBOY
PLASTERS IN TIN SPACEBOY,SPACEBOY LUNCH BOX 
"POSTAGE, WOODLAND CHARLOTTE BAG",RED TOADSTOOL LED NIGHT LIGHT
RED TOADSTOOL LED NIGHT LIGHT,"POSTAGE, WOODLAND CHARLOTTE BAG"
RED TOADSTOOL LED NIGHT LIGHT,WOODLAND CHARLOTTE BAG
WOODLAND CHARLOTTE BAG,RED TOADSTOOL LED NIGHT LIGHT
PLASTERS IN TIN CIRCUS PARADE ,STRAWBERRY LUNCH BOX WITH CUTLERY
STRAWBERRY LUNCH BOX WITH CUTLERY,PLASTERS IN TIN CIRCUS PARADE 
SPACEBOY LUNCH BOX ,LUNCH BAG WOODLAND
LUNCH BAG WOODLAND,SPACEBOY LUNCH BOX 
SPACEBOY LUNCH BOX ,ROUND SNACK BOXES SET OF4 WOODLAND 
ROUND SNACK BOXES SET OF4 WOODLAND ,SPACEBOY LUNCH BOX 
"POSTAGE, SPACEBOY BIRTHDAY CARD",ROUND SNACK BOXES SET OF4 WOODLAND 
ROUND SNACK BOXES SET OF4 WOODLAND ,"POSTAGE, SPACEBOY BIRTHDAY CARD"
ROUND SNACK BOXES SET OF4 WOODLAND ,"POSTAGE, RED RETROSPOT MINI CASES"
"POSTAGE, RED RETROSPOT MINI CASES",ROUND SNACK BOXES SET OF4 WOODLAND 
"PLASTERS IN TIN CIRCUS PARADE , PLASTERS IN TIN SPACEBOY",ROUND SNACK BOXES SET OF4 WOODLAND 
ROUND SNACK BOXES SET OF4 WOODLAND ,"PLASTERS IN TIN CIRCUS PARADE , PLASTERS IN TIN SPACEBOY"
"POSTAGE, ROUND SNACK BOXES SET OF 4 FRUITS , ROUND SNACK BOXES SET OF4 WOODLAND ",PLASTERS IN TIN CIRCUS PARADE 
PLASTERS IN TIN CIRCUS PARADE ,"POSTAGE, ROUND SNACK BOXES SET OF 4 FRUITS , ROUND SNACK BOXES SET OF4 WOODLAND "
ROUND SNACK BOXES SET OF 4 FRUITS ,SPACEBOY LUNCH BOX 
SPACEBOY LUNCH BOX ,ROUND SNACK BOXES SET OF 4 FRUITS 
PLASTERS IN TIN WOODLAND ANIMALS,STRAWBERRY LUNCH BOX WITH CUTLERY
STRAWBERRY LUNCH BOX WITH CUTLERY,PLASTERS IN TIN WOODLAND ANIMALS
PLASTERS IN TIN CIRCUS PARADE ,"ROUND SNACK BOXES SET OF 4 FRUITS , ROUND SNACK BOXES SET OF4 WOODLAND "
"ROUND SNACK BOXES SET OF 4 FRUITS , ROUND SNACK BOXES SET OF4 WOODLAND ",PLASTERS IN TIN CIRCUS PARADE 
"POSTAGE, ROUND SNACK BOXES SET OF 4 FRUITS ",SPACEBOY LUNCH BOX 
SPACEBOY LUNCH BOX ,"POSTAGE, ROUND SNACK BOXES SET OF 4 FRUITS "
ROUND SNACK BOXES SET OF4 WOODLAND ,"PLASTERS IN TIN STRONGMAN, POSTAGE"
"PLASTERS IN TIN STRONGMAN, POSTAGE",ROUND SNACK BOXES SET OF4 WOODLAND 
RABBIT NIGHT LIGHT,RED TOADSTOOL LED NIGHT LIGHT
RED TOADSTOOL LED NIGHT LIGHT,RABBIT NIGHT LIGHT
"PLASTERS IN TIN SPACEBOY, PLASTERS IN TIN WOODLAND ANIMALS, POSTAGE",ROUND SNACK BOXES SET OF4 WOODLAND 
ROUND SNACK BOXES SET OF4 WOODLAND ,"PLASTERS IN TIN SPACEBOY, PLASTERS IN TIN WOODLAND ANIMALS, POSTAGE"
"PLASTERS IN TIN CIRCUS PARADE , PLASTERS IN TIN SPACEBOY","POSTAGE, ROUND SNACK BOXES SET OF4 WOODLAND "
"POSTAGE, ROUND SNACK BOXES SET OF4 WOODLAND ","PLASTERS IN TIN CIRCUS PARADE , PLASTERS IN TIN SPACEBOY"
RABBIT NIGHT LIGHT,"POSTAGE, RED TOADSTOOL LED NIGHT LIGHT"
"POSTAGE, RED TOADSTOOL LED NIGHT LIGHT",RABBIT NIGHT LIGHT
"POSTAGE, ROUND SNACK BOXES SET OF 4 FRUITS ",RED RETROSPOT MINI CASES
RED RETROSPOT MINI CASES,"POSTAGE, ROUND SNACK BOXES SET OF 4 FRUITS "
"POSTAGE, ROUND SNACK BOXES SET OF4 WOODLAND ",SPACEBOY LUNCH BOX 
SPACEBOY LUNCH BOX ,"POSTAGE, ROUND SNACK BOXES SET OF4 WOODLAND "
6 RIBBONS RUSTIC CHARM,REGENCY CAKESTAND 3 TIER
REGENCY CAKESTAND 3 TIER,6 RIBBONS RUSTIC CHARM
ROUND SNACK BOXES SET OF 4 FRUITS ,"PLASTERS IN TIN WOODLAND ANIMALS, POSTAGE"
"PLASTERS IN TIN WOODLAND ANIMALS, POSTAGE",ROUND SNACK BOXES SET OF 4 FRUITS 
"POSTAGE, WOODLAND CHARLOTTE BAG",ROUND SNACK BOXES SET OF4 WOODLAND 
ROUND SNACK BOXES SET OF4 WOODLAND ,"POSTAGE, WOODLAND CHARLOTTE BAG"
"POSTAGE, STRAWBERRY LUNCH BOX WITH CUTLERY",PLASTERS IN TIN WOODLAND ANIMALS
PLASTERS IN TIN WOODLAND ANIMALS,"POSTAGE, STRAWBERRY LUNCH BOX WITH CUTLERY"
LUNCH BOX WITH CUTLERY RETROSPOT ,PLASTERS IN TIN CIRCUS PARADE 
PLASTERS IN TIN CIRCUS PARADE ,LUNCH BOX WITH CUTLERY RETROSPOT 
"PLASTERS IN TIN CIRCUS PARADE , PLASTERS IN TIN WOODLAND ANIMALS, POSTAGE",ROUND SNACK BOXES SET OF4 WOODLAND 
ROUND SNACK BOXES SET OF4 WOODLAND ,"PLASTERS IN TIN CIRCUS PARADE , PLASTERS IN TIN WOODLAND ANIMALS, POSTAGE"
PLASTERS IN TIN WOODLAND ANIMALS,RETROSPOT TEA SET CERAMIC 11 PC 
RETROSPOT TEA SET CERAMIC 11 PC ,PLASTERS IN TIN WOODLAND ANIMALS
PLASTERS IN TIN WOODLAND ANIMALS,JAM MAKING SET PRINTED
JAM MAKING SET PRINTED,PLASTERS IN TIN WOODLAND ANIMALS
ROUND SNACK BOXES SET OF 4 FRUITS ,"PLASTERS IN TIN CIRCUS PARADE , PLASTERS IN TIN WOODLAND ANIMALS"
"PLASTERS IN TIN CIRCUS PARADE , PLASTERS IN TIN WOODLAND ANIMALS",ROUND SNACK BOXES SET OF 4 FRUITS 
ROUND SNACK BOXES SET OF4 WOODLAND ,CIRCUS PARADE LUNCH BOX 
CIRCUS PARADE LUNCH BOX ,ROUND SNACK BOXES SET OF4 WOODLAND 
"LUNCH BOX WITH CUTLERY RETROSPOT , POSTAGE",ROUND SNACK BOXES SET OF4 WOODLAND 
ROUND SNACK BOXES SET OF4 WOODLAND ,"LUNCH BOX WITH CUTLERY RETROSPOT , POSTAGE"
RED RETROSPOT MINI CASES,ROUND SNACK BOXES SET OF 4 FRUITS 
ROUND SNACK BOXES SET OF 4 FRUITS ,RED RETROSPOT MINI CASES
"POSTAGE, ROUND SNACK BOXES SET OF 4 FRUITS ",PLASTERS IN TIN CIRCUS PARADE 
PLASTERS IN TIN CIRCUS PARADE ,"POSTAGE, ROUND SNACK BOXES SET OF 4 FRUITS "
SPACEBOY BIRTHDAY CARD,ROUND SNACK BOXES SET OF4 WOODLAND 
ROUND SNACK BOXES SET OF4 WOODLAND ,SPACEBOY BIRTHDAY CARD
ROUND SNACK BOXES SET OF4 WOODLAND ,"PLASTERS IN TIN WOODLAND ANIMALS, POSTAGE"
"PLASTERS IN TIN WOODLAND ANIMALS, POSTAGE",ROUND SNACK BOXES SET OF4 WOODLAND 
ROUND SNACK BOXES SET OF4 WOODLAND ,CHARLOTTE BAG APPLES DESIGN
CHARLOTTE BAG APPLES DESIGN,ROUND SNACK BOXES SET OF4 WOODLAND 
WOODLAND CHARLOTTE BAG,ROUND SNACK BOXES SET OF4 WOODLAND 
ROUND SNACK BOXES SET OF4 WOODLAND ,WOODLAND CHARLOTTE BAG
RED TOADSTOOL LED NIGHT LIGHT,"POSTAGE, RABBIT NIGHT LIGHT"
"POSTAGE, RABBIT NIGHT LIGHT",RED TOADSTOOL LED NIGHT LIGHT
PLASTERS IN TIN CIRCUS PARADE ,ROUND SNACK BOXES SET OF 4 FRUITS 
ROUND SNACK BOXES SET OF 4 FRUITS ,PLASTERS IN TIN CIRCUS PARADE 
SPACEBOY LUNCH BOX ,LUNCH BAG RED RETROSPOT
LUNCH BAG RED RETROSPOT,SPACEBOY LUNCH BOX 
LUNCH BOX WITH CUTLERY RETROSPOT ,"POSTAGE, ROUND SNACK BOXES SET OF4 WOODLAND "
"POSTAGE, ROUND SNACK BOXES SET OF4 WOODLAND ",LUNCH BOX WITH CUTLERY RETROSPOT 
"POSTAGE, ROUND SNACK BOXES SET OF4 WOODLAND ",WOODLAND CHARLOTTE BAG
WOODLAND CHARLOTTE BAG,"POSTAGE, ROUND SNACK BOXES SET OF4 WOODLAND "
SPACEBOY BIRTHDAY CARD,"POSTAGE, ROUND SNACK BOXES SET OF4 WOODLAND "
"POSTAGE, ROUND SNACK BOXES SET OF4 WOODLAND ",SPACEBOY BIRTHDAY CARD
ROUND SNACK BOXES SET OF4 WOODLAND ,RED RETROSPOT MINI CASES
RED RETROSPOT MINI CASES,ROUND SNACK BOXES SET OF4 WOODLAND 
ROUND SNACK BOXES SET OF4 WOODLAND ,"PLASTERS IN TIN SPACEBOY, POSTAGE"
"PLASTERS IN TIN SPACEBOY, POSTAGE",ROUND SNACK BOXES SET OF4 WOODLAND 
"POSTAGE, ROUND SNACK BOXES SET OF 4 FRUITS ",PLASTERS IN TIN SPACEBOY
PLASTERS IN TIN SPACEBOY,"POSTAGE, ROUND SNACK BOXES SET OF 4 FRUITS "
ROUND SNACK BOXES SET OF4 WOODLAND ,"PLASTERS IN TIN SPACEBOY, PLASTERS IN TIN WOODLAND ANIMALS"
"PLASTERS IN TIN SPACEBOY, PLASTERS IN TIN WOODLAND ANIMALS",ROUND SNACK BOXES SET OF4 WOODLAND 
PLASTERS IN TIN SPACEBOY,"ROUND SNACK BOXES SET OF 4 FRUITS , ROUND SNACK BOXES SET OF4 WOODLAND "
"ROUND SNACK BOXES SET OF 4 FRUITS , ROUND SNACK BOXES SET OF4 WOODLAND ",PLASTERS IN TIN SPACEBOY
ROUND SNACK BOXES SET OF4 WOODLAND ,"PLASTERS IN TIN CIRCUS PARADE , PLASTERS IN TIN WOODLAND ANIMALS"
"PLASTERS IN TIN CIRCUS PARADE , PLASTERS IN TIN WOODLAND ANIMALS",ROUND SNACK BOXES SET OF4 WOODLAND 
ROUND SNACK BOXES SET OF4 WOODLAND ,"POSTAGE, STRAWBERRY LUNCH BOX WITH CUTLERY"
"POSTAGE, STRAWBERRY LUNCH BOX WITH CUTLERY",ROUND SNACK BOXES SET OF4 WOODLAND 
PLASTERS IN TIN WOODLAND ANIMALS,LUNCH BAG APPLE DESIGN
LUNCH BAG APPLE DESIGN,PLASTERS IN TIN WOODLAND ANIMALS
"POSTAGE, ROUND SNACK BOXES SET OF4 WOODLAND ",STRAWBERRY LUNCH BOX WITH CUTLERY
STRAWBERRY LUNCH BOX WITH CUTLERY,"POSTAGE, ROUND SNACK BOXES SET OF4 WOODLAND "
ROUND SNACK BOXES SET OF4 WOODLAND ,"LUNCH BAG WOODLAND, POSTAGE"
"LUNCH BAG WOODLAND, POSTAGE",ROUND SNACK BOXES SET OF4 WOODLAND 
PLASTERS IN TIN WOODLAND ANIMALS,JUMBO BAG WOODLAND ANIMALS
JUMBO BAG WOODLAND ANIMALS,PLASTERS IN TIN WOODLAND ANIMALS
"POSTAGE, ROUND SNACK BOXES SET OF4 WOODLAND ",RED RETROSPOT MINI CASES
RED RETROSPOT MINI CASES,"POSTAGE, ROUND SNACK BOXES SET OF4 WOODLAND "
ROUND SNACK BOXES SET OF 4 FRUITS ,PLASTERS IN TIN SPACEBOY
PLASTERS IN TIN SPACEBOY,ROUND SNACK BOXES SET OF 4 FRUITS 
PLASTERS IN TIN WOODLAND ANIMALS,"POSTAGE, ROUND SNACK BOXES SET OF 4 FRUITS , ROUND SNACK BOXES SET OF4 WOODLAND "
"POSTAGE, ROUND SNACK BOXES SET OF 4 FRUITS , ROUND SNACK BOXES SET OF4 WOODLAND ",PLASTERS IN TIN WOODLAND ANIMALS
PLASTERS IN TIN WOODLAND ANIMALS,"ROUND SNACK BOXES SET OF 4 FRUITS , ROUND SNACK BOXES SET OF4 WOODLAND "
"ROUND SNACK BOXES SET OF 4 FRUITS , ROUND SNACK BOXES SET OF4 WOODLAND ",PLASTERS IN TIN WOODLAND ANIMALS
"DOLLY GIRL LUNCH BOX, SPACEBOY LUNCH BOX ",ROUND SNACK BOXES SET OF4 WOODLAND 
ROUND SNACK BOXES SET OF4 WOODLAND ,"DOLLY GIRL LUNCH BOX, SPACEBOY LUNCH BOX "
DOLLY GIRL LUNCH BOX,"POSTAGE, ROUND SNACK BOXES SET OF4 WOODLAND "
"POSTAGE, ROUND SNACK BOXES SET OF4 WOODLAND ",DOLLY GIRL LUNCH BOX
DOLLY GIRL LUNCH BOX,ROUND SNACK BOXES SET OF4 WOODLAND 
ROUND SNACK BOXES SET OF4 WOODLAND ,DOLLY GIRL LUNCH BOX
LUNCH BAG WOODLAND,PLASTERS IN TIN WOODLAND ANIMALS
PLASTERS IN TIN WOODLAND ANIMALS,LUNCH BAG WOODLAND
ROUND SNACK BOXES SET OF4 WOODLAND ,"ALARM CLOCK BAKELIKE PINK, POSTAGE"
"ALARM CLOCK BAKELIKE PINK, POSTAGE",ROUND SNACK BOXES SET OF4 WOODLAND 
ALARM CLOCK BAKELIKE RED ,ROUND SNACK BOXES SET OF4 WOODLAND 
LUNCH BOX WITH CUTLERY RETROSPOT ,ROUND SNACK BOXES SET OF4 WOODLAND 
ROUND SNACK BOXES SET OF4 WOODLAND ,ALARM CLOCK BAKELIKE RED 
ROUND SNACK BOXES SET OF4 WOODLAND ,LUNCH BOX WITH CUTLERY RETROSPOT 
PLASTERS IN TIN WOODLAND ANIMALS,ROUND SNACK BOXES SET OF4 WOODLAND 
ROUND SNACK BOXES SET OF4 WOODLAND ,PLASTERS IN TIN WOODLAND ANIMALS
WOODLAND CHARLOTTE BAG,ROUND SNACK BOXES SET OF 4 FRUITS 
ROUND SNACK BOXES SET OF 4 FRUITS ,WOODLAND CHARLOTTE BAG
CHILDRENS CUTLERY SPACEBOY ,ROUND SNACK BOXES SET OF4 WOODLAND 
ROUND SNACK BOXES SET OF4 WOODLAND ,CHILDRENS CUTLERY SPACEBOY 
ROUND SNACK BOXES SET OF4 WOODLAND ,PLASTERS IN TIN SPACEBOY
PLASTERS IN TIN SPACEBOY,ROUND SNACK BOXES SET OF4 WOODLAND 
JUMBO BAG APPLES,ROUND SNACK BOXES SET OF4 WOODLAND 
ROUND SNACK BOXES SET OF4 WOODLAND ,JUMBO BAG APPLES
"PLASTERS IN TIN SPACEBOY, PLASTERS IN TIN WOODLAND ANIMALS","POSTAGE, ROUND SNACK BOXES SET OF4 WOODLAND "
"POSTAGE, ROUND SNACK BOXES SET OF4 WOODLAND ","PLASTERS IN TIN SPACEBOY, PLASTERS IN TIN WOODLAND ANIMALS"
ROUND SNACK BOXES SET OF4 WOODLAND ,"PLASTERS IN TIN CIRCUS PARADE , POSTAGE"
"PLASTERS IN TIN CIRCUS PARADE , POSTAGE",ROUND SNACK BOXES SET OF4 WOODLAND 
PLASTERS IN TIN STRONGMAN,"POSTAGE, ROUND SNACK BOXES SET OF4 WOODLAND "
"POSTAGE, ROUND SNACK BOXES SET OF4 WOODLAND ",PLASTERS IN TIN STRONGMAN
PLASTERS IN TIN CIRCUS PARADE ,RED RETROSPOT MINI CASES
RED RETROSPOT MINI CASES,PLASTERS IN TIN CIRCUS PARADE 
RED TOADSTOOL LED NIGHT LIGHT,RED RETROSPOT MINI CASES
RED RETROSPOT MINI CASES,RED TOADSTOOL LED NIGHT LIGHT
ROUND SNACK BOXES SET OF4 WOODLAND ,LUNCH BAG WOODLAND
LUNCH BAG WOODLAND,ROUND SNACK BOXES SET OF4 WOODLAND 
ALARM CLOCK BAKELIKE RED ,"POSTAGE, ROUND SNACK BOXES SET OF4 WOODLAND "
"POSTAGE, ROUND SNACK BOXES SET OF4 WOODLAND ",ALARM CLOCK BAKELIKE RED 
"POSTAGE, ROUND SNACK BOXES SET OF4 WOODLAND ","PLASTERS IN TIN CIRCUS PARADE , PLASTERS IN TIN WOODLAND ANIMALS"
"PLASTERS IN TIN CIRCUS PARADE , PLASTERS IN TIN WOODLAND ANIMALS","POSTAGE, ROUND SNACK BOXES SET OF4 WOODLAND "
STRAWBERRY LUNCH BOX WITH CUTLERY,ROUND SNACK BOXES SET OF4 WOODLAND 
ROUND SNACK BOXES SET OF4 WOODLAND ,STRAWBERRY LUNCH BOX WITH CUTLERY
ROUND SNACK BOXES SET OF4 WOODLAND ,CHILDRENS CUTLERY DOLLY GIRL 
CHILDRENS CUTLERY DOLLY GIRL ,ROUND SNACK BOXES SET OF4 WOODLAND 
"POSTAGE, ROUND SNACK BOXES SET OF4 WOODLAND ",PLASTERS IN TIN WOODLAND ANIMALS
PLASTERS IN TIN WOODLAND ANIMALS,"POSTAGE, ROUND SNACK BOXES SET OF4 WOODLAND "
PLASTERS IN TIN STRONGMAN,ROUND SNACK BOXES SET OF4 WOODLAND 
ROUND SNACK BOXES SET OF4 WOODLAND ,PLASTERS IN TIN STRONGMAN
"POSTAGE, ROUND SNACK BOXES SET OF 4 FRUITS ",PLASTERS IN TIN WOODLAND ANIMALS
PLASTERS IN TIN WOODLAND ANIMALS,"POSTAGE, ROUND SNACK BOXES SET OF 4 FRUITS "
PLASTERS IN TIN SPACEBOY,"POSTAGE, ROUND SNACK BOXES SET OF4 WOODLAND "
"POSTAGE, ROUND SNACK BOXES SET OF4 WOODLAND ",PLASTERS IN TIN SPACEBOY
RED TOADSTOOL LED NIGHT LIGHT,"PLASTERS IN TIN WOODLAND ANIMALS, POSTAGE"
"PLASTERS IN TIN WOODLAND ANIMALS, POSTAGE",RED TOADSTOOL LED NIGHT LIGHT
REGENCY CAKESTAND 3 TIER,SET OF 3 CAKE TINS PANTRY DESIGN 
SET OF 3 CAKE TINS PANTRY DESIGN ,REGENCY CAKESTAND 3 TIER
DOLLY GIRL LUNCH BOX,PLASTERS IN TIN WOODLAND ANIMALS
PLASTERS IN TIN WOODLAND ANIMALS,DOLLY GIRL LUNCH BOX
RED TOADSTOOL LED NIGHT LIGHT,PLASTERS IN TIN WOODLAND ANIMALS
PLASTERS IN TIN WOODLAND ANIMALS,RED TOADSTOOL LED NIGHT LIGHT
PLASTERS IN TIN CIRCUS PARADE ,"POSTAGE, SPACEBOY LUNCH BOX "
"POSTAGE, SPACEBOY LUNCH BOX ",PLASTERS IN TIN CIRCUS PARADE 
LUNCH BAG WOODLAND,"POSTAGE, ROUND SNACK BOXES SET OF4 WOODLAND "
"POSTAGE, ROUND SNACK BOXES SET OF4 WOODLAND ",LUNCH BAG WOODLAND
RED RETROSPOT CHARLOTTE BAG,ROUND SNACK BOXES SET OF4 WOODLAND 
ROUND SNACK BOXES SET OF4 WOODLAND ,RED RETROSPOT CHARLOTTE BAG
PLASTERS IN TIN WOODLAND ANIMALS,"POSTAGE, RED TOADSTOOL LED NIGHT LIGHT"
"POSTAGE, RED TOADSTOOL LED NIGHT LIGHT",PLASTERS IN TIN WOODLAND ANIMALS
PLASTERS IN TIN CIRCUS PARADE ,ROUND SNACK BOXES SET OF4 WOODLAND 
ROUND SNACK BOXES SET OF4 WOODLAND ,PLASTERS IN TIN CIRCUS PARADE 
WOODLAND CHARLOTTE BAG,PLASTERS IN TIN WOODLAND ANIMALS
PLASTERS IN TIN WOODLAND ANIMALS,WOODLAND CHARLOTTE BAG
ALARM CLOCK BAKELIKE RED ,REGENCY CAKESTAND 3 TIER
ROUND SNACK BOXES SET OF 4 FRUITS ,PLASTERS IN TIN WOODLAND ANIMALS
REGENCY CAKESTAND 3 TIER,ALARM CLOCK BAKELIKE RED 
PLASTERS IN TIN WOODLAND ANIMALS,ROUND SNACK BOXES SET OF 4 FRUITS 
ROUND SNACK BOXES SET OF4 WOODLAND ,ALARM CLOCK BAKELIKE GREEN
ALARM CLOCK BAKELIKE GREEN,ROUND SNACK BOXES SET OF4 WOODLAND 
"POSTAGE, ROUND SNACK BOXES SET OF4 WOODLAND ",PLASTERS IN TIN CIRCUS PARADE 
PLASTERS IN TIN CIRCUS PARADE ,"POSTAGE, ROUND SNACK BOXES SET OF4 WOODLAND "
ALARM CLOCK BAKELIKE PINK,ROUND SNACK BOXES SET OF4 WOODLAND 
ROUND SNACK BOXES SET OF4 WOODLAND ,ALARM CLOCK BAKELIKE PINK
PLASTERS IN TIN CIRCUS PARADE ,SPACEBOY LUNCH BOX 
SPACEBOY LUNCH BOX ,PLASTERS IN TIN CIRCUS PARADE 
SPACEBOY LUNCH BOX ,PLASTERS IN TIN WOODLAND ANIMALS
PLASTERS IN TIN WOODLAND ANIMALS,SPACEBOY LUNCH BOX 
SPACEBOY LUNCH BOX ,"PLASTERS IN TIN CIRCUS PARADE , POSTAGE"
"PLASTERS IN TIN CIRCUS PARADE , POSTAGE",SPACEBOY LUNCH BOX 
ROUND SNACK BOXES SET OF4 WOODLAND ,"POSTAGE, RED RETROSPOT CHARLOTTE BAG"
"POSTAGE, RED RETROSPOT CHARLOTTE BAG",ROUND SNACK BOXES SET OF4 WOODLAND 
JUMBO BAG RED RETROSPOT,PLASTERS IN TIN WOODLAND ANIMALS
PLASTERS IN TIN WOODLAND ANIMALS,JUMBO BAG RED RETROSPOT
PLASTERS IN TIN CIRCUS PARADE ,"POSTAGE, RED TOADSTOOL LED NIGHT LIGHT"
"POSTAGE, RED TOADSTOOL LED NIGHT LIGHT",PLASTERS IN TIN CIRCUS PARADE 
REGENCY CAKESTAND 3 TIER,JAM MAKING SET PRINTED
JAM MAKING SET PRINTED,REGENCY CAKESTAND 3 TIER
JUMBO BAG WOODLAND ANIMALS,ROUND SNACK BOXES SET OF4 WOODLAND 
ROUND SNACK BOXES SET OF4 WOODLAND ,JUMBO BAG WOODLAND ANIMALS
ROUND SNACK BOXES SET OF4 WOODLAND ,"POSTAGE, RED TOADSTOOL LED NIGHT LIGHT"
"POSTAGE, RED TOADSTOOL LED NIGHT LIGHT",ROUND SNACK BOXES SET OF4 WOODLAND 
PLASTERS IN TIN CIRCUS PARADE ,"POSTAGE, REGENCY CAKESTAND 3 TIER"
"POSTAGE, REGENCY CAKESTAND 3 TIER",PLASTERS IN TIN CIRCUS PARADE 
PLASTERS IN TIN WOODLAND ANIMALS,RED RETROSPOT MINI CASES
RED RETROSPOT MINI CASES,PLASTERS IN TIN WOODLAND ANIMALS
"PLASTERS IN TIN CIRCUS PARADE , POSTAGE",RED TOADSTOOL LED NIGHT LIGHT
RED TOADSTOOL LED NIGHT LIGHT,"PLASTERS IN TIN CIRCUS PARADE , POSTAGE"
LUNCH BAG SPACEBOY DESIGN ,ROUND SNACK BOXES SET OF4 WOODLAND 
ROUND SNACK BOXES SET OF4 WOODLAND ,LUNCH BAG SPACEBOY DESIGN 
ROUND SNACK BOXES SET OF4 WOODLAND ,LUNCH BAG APPLE DESIGN
LUNCH BAG APPLE DESIGN,ROUND SNACK BOXES SET OF4 WOODLAND 
"POSTAGE, ROUND SNACK BOXES SET OF4 WOODLAND ",ALARM CLOCK BAKELIKE PINK
ALARM CLOCK BAKELIKE PINK,"POSTAGE, ROUND SNACK BOXES SET OF4 WOODLAND "
RED TOADSTOOL LED NIGHT LIGHT,PLASTERS IN TIN CIRCUS PARADE 
PLASTERS IN TIN CIRCUS PARADE ,RED TOADSTOOL LED NIGHT LIGHT
RED RETROSPOT CHARLOTTE BAG,"POSTAGE, ROUND SNACK BOXES SET OF4 WOODLAND "
"POSTAGE, ROUND SNACK BOXES SET OF4 WOODLAND ",RED RETROSPOT CHARLOTTE BAG
ROUND SNACK BOXES SET OF4 WOODLAND ,RED TOADSTOOL LED NIGHT LIGHT
RED TOADSTOOL LED NIGHT LIGHT,ROUND SNACK BOXES SET OF4 WOODLAND 
"POSTAGE, ROUND SNACK BOXES SET OF4 WOODLAND ",RED TOADSTOOL LED NIGHT LIGHT
RED TOADSTOOL LED NIGHT LIGHT,"POSTAGE, ROUND SNACK BOXES SET OF4 WOODLAND "
REGENCY CAKESTAND 3 TIER,SPACEBOY LUNCH BOX 
SPACEBOY LUNCH BOX ,REGENCY CAKESTAND 3 TIER
"PLASTERS IN TIN CIRCUS PARADE , POSTAGE",REGENCY CAKESTAND 3 TIER
REGENCY CAKESTAND 3 TIER,"PLASTERS IN TIN CIRCUS PARADE , POSTAGE"
"POSTAGE, REGENCY CAKESTAND 3 TIER",PLASTERS IN TIN WOODLAND ANIMALS
PLASTERS IN TIN WOODLAND ANIMALS,"POSTAGE, REGENCY CAKESTAND 3 TIER"
"PLASTERS IN TIN WOODLAND ANIMALS, POSTAGE",REGENCY CAKESTAND 3 TIER
REGENCY CAKESTAND 3 TIER,"PLASTERS IN TIN WOODLAND ANIMALS, POSTAGE"
ROUND SNACK BOXES SET OF4 WOODLAND ,RETROSPOT TEA SET CERAMIC 11 PC 
RETROSPOT TEA SET CERAMIC 11 PC ,ROUND SNACK BOXES SET OF4 WOODLAND 
PLASTERS IN TIN CIRCUS PARADE ,REGENCY CAKESTAND 3 TIER
REGENCY CAKESTAND 3 TIER,PLASTERS IN TIN CIRCUS PARADE 
"POSTAGE, REGENCY CAKESTAND 3 TIER",ROUND SNACK BOXES SET OF4 WOODLAND 
ROUND SNACK BOXES SET OF4 WOODLAND ,"POSTAGE, REGENCY CAKESTAND 3 TIER"
REGENCY CAKESTAND 3 TIER,PLASTERS IN TIN WOODLAND ANIMALS
PLASTERS IN TIN WOODLAND ANIMALS,REGENCY CAKESTAND 3 TIER
REGENCY CAKESTAND 3 TIER,PACK OF 72 RETROSPOT CAKE CASES
PACK OF 72 RETROSPOT CAKE CASES,REGENCY CAKESTAND 3 TIER
ROUND SNACK BOXES SET OF4 WOODLAND ,LUNCH BAG RED RETROSPOT
LUNCH BAG RED RETROSPOT,ROUND SNACK BOXES SET OF4 WOODLAND 
"LUNCH BOX WITH CUTLERY RETROSPOT , ROUND SNACK BOXES SET OF 4 FRUITS ",POSTAGE
POSTAGE,"LUNCH BOX WITH CUTLERY RETROSPOT , ROUND SNACK BOXES SET OF 4 FRUITS "
"ROUND SNACK BOXES SET OF4 WOODLAND , STRAWBERRY LUNCH BOX WITH CUTLERY",POSTAGE
POSTAGE,"ROUND SNACK BOXES SET OF4 WOODLAND , STRAWBERRY LUNCH BOX WITH CUTLERY"
REGENCY CAKESTAND 3 TIER,PLASTERS IN TIN SPACEBOY
PLASTERS IN TIN SPACEBOY,REGENCY CAKESTAND 3 TIER
POSTAGE,"PLASTERS IN TIN WOODLAND ANIMALS, ROUND SNACK BOXES SET OF 4 FRUITS "
"PLASTERS IN TIN WOODLAND ANIMALS, ROUND SNACK BOXES SET OF 4 FRUITS ",POSTAGE
POSTAGE,"LUNCH BOX WITH CUTLERY RETROSPOT , ROUND SNACK BOXES SET OF4 WOODLAND "
"LUNCH BOX WITH CUTLERY RETROSPOT , ROUND SNACK BOXES SET OF4 WOODLAND ",POSTAGE
"PLASTERS IN TIN SPACEBOY, ROUND SNACK BOXES SET OF 4 FRUITS ",POSTAGE
POSTAGE,"PLASTERS IN TIN SPACEBOY, ROUND SNACK BOXES SET OF 4 FRUITS "
POSTAGE,"PLASTERS IN TIN CIRCUS PARADE , ROUND SNACK BOXES SET OF 4 FRUITS , ROUND SNACK BOXES SET OF4 WOODLAND "
"PLASTERS IN TIN CIRCUS PARADE , ROUND SNACK BOXES SET OF 4 FRUITS , ROUND SNACK BOXES SET OF4 WOODLAND ",POSTAGE
"PLASTERS IN TIN WOODLAND ANIMALS, ROUND SNACK BOXES SET OF 4 FRUITS , ROUND SNACK BOXES SET OF4 WOODLAND ",POSTAGE
POSTAGE,"PLASTERS IN TIN WOODLAND ANIMALS, ROUND SNACK BOXES SET OF 4 FRUITS , ROUND SNACK BOXES SET OF4 WOODLAND "
POSTAGE,"ROUND SNACK BOXES SET OF 4 FRUITS , ROUND SNACK BOXES SET OF4 WOODLAND "
"ROUND SNACK BOXES SET OF 4 FRUITS , ROUND SNACK BOXES SET OF4 WOODLAND ",POSTAGE
POSTAGE,"RED RETROSPOT MINI CASES, ROUND SNACK BOXES SET OF 4 FRUITS "
"RED RETROSPOT MINI CASES, ROUND SNACK BOXES SET OF 4 FRUITS ",POSTAGE
"PLASTERS IN TIN CIRCUS PARADE , ROUND SNACK BOXES SET OF 4 FRUITS ",POSTAGE
POSTAGE,"PLASTERS IN TIN CIRCUS PARADE , ROUND SNACK BOXES SET OF 4 FRUITS "
SMALL RED RETROSPOT WINDMILL,POSTAGE
POSTAGE,SMALL RED RETROSPOT WINDMILL
"PLASTERS IN TIN STRONGMAN, ROUND SNACK BOXES SET OF 4 FRUITS ",POSTAGE
POSTAGE,"PLASTERS IN TIN STRONGMAN, ROUND SNACK BOXES SET OF 4 FRUITS "
"LUNCH BOX WITH CUTLERY RETROSPOT , STRAWBERRY LUNCH BOX WITH CUTLERY",POSTAGE
POSTAGE,"LUNCH BOX WITH CUTLERY RETROSPOT , STRAWBERRY LUNCH BOX WITH CUTLERY"
RED TOADSTOOL LED NIGHT LIGHT,REGENCY CAKESTAND 3 TIER
REGENCY CAKESTAND 3 TIER,RED TOADSTOOL LED NIGHT LIGHT
"ROUND SNACK BOXES SET OF 4 FRUITS , ROUND SNACK BOXES SET OF4 WOODLAND , SPACEBOY LUNCH BOX ",POSTAGE
SET OF 9 BLACK SKULL BALLOONS,POSTAGE
POSTAGE,SET OF 9 BLACK SKULL BALLOONS
POSTAGE,"ROUND SNACK BOXES SET OF 4 FRUITS , ROUND SNACK BOXES SET OF4 WOODLAND , SPACEBOY LUNCH BOX "
ROUND SNACK BOXES SET OF 4 FRUITS ,POSTAGE
POSTAGE,ROUND SNACK BOXES SET OF 4 FRUITS 
POSTAGE,"ROUND SNACK BOXES SET OF 4 FRUITS , SPACEBOY LUNCH BOX "
"ROUND SNACK BOXES SET OF 4 FRUITS , SPACEBOY LUNCH BOX ",POSTAGE
TABLECLOTH RED APPLES DESIGN ,POSTAGE
POSTAGE,TABLECLOTH RED APPLES DESIGN 
"PLASTERS IN TIN CIRCUS PARADE , STRAWBERRY LUNCH BOX WITH CUTLERY",POSTAGE
POSTAGE,"PLASTERS IN TIN CIRCUS PARADE , STRAWBERRY LUNCH BOX WITH CUTLERY"
"PLASTERS IN TIN STRONGMAN, ROUND SNACK BOXES SET OF4 WOODLAND ",POSTAGE
POSTAGE,"PLASTERS IN TIN STRONGMAN, ROUND SNACK BOXES SET OF4 WOODLAND "
POSTAGE,"PLASTERS IN TIN CIRCUS PARADE , REGENCY CAKESTAND 3 TIER"
"PLASTERS IN TIN CIRCUS PARADE , REGENCY CAKESTAND 3 TIER",POSTAGE
"REGENCY CAKESTAND 3 TIER, ROUND SNACK BOXES SET OF4 WOODLAND ",POSTAGE
POSTAGE,"REGENCY CAKESTAND 3 TIER, ROUND SNACK BOXES SET OF4 WOODLAND "
"POSTAGE, ROUND SNACK BOXES SET OF4 WOODLAND ",REGENCY CAKESTAND 3 TIER
REGENCY CAKESTAND 3 TIER,"POSTAGE, ROUND SNACK BOXES SET OF4 WOODLAND "
"DOLLY GIRL LUNCH BOX, ROUND SNACK BOXES SET OF4 WOODLAND ",POSTAGE
POSTAGE,"DOLLY GIRL LUNCH BOX, ROUND SNACK BOXES SET OF4 WOODLAND "
POSTAGE,ROUND SNACK BOXES SET OF4 WOODLAND 
ROUND SNACK BOXES SET OF4 WOODLAND ,POSTAGE
REGENCY CAKESTAND 3 TIER,ROUND SNACK BOXES SET OF4 WOODLAND 
ROUND SNACK BOXES SET OF4 WOODLAND ,REGENCY CAKESTAND 3 TIER
POSTAGE,"RED TOADSTOOL LED NIGHT LIGHT, ROUND SNACK BOXES SET OF4 WOODLAND "
POSTAGE,STRAWBERRY LUNCH BOX WITH CUTLERY
"JUMBO BAG RED RETROSPOT, JUMBO BAG WOODLAND ANIMALS",POSTAGE
POSTAGE,"JUMBO BAG RED RETROSPOT, JUMBO BAG WOODLAND ANIMALS"
"RED TOADSTOOL LED NIGHT LIGHT, ROUND SNACK BOXES SET OF4 WOODLAND ",POSTAGE
STRAWBERRY LUNCH BOX WITH CUTLERY,POSTAGE
COFFEE MUG APPLES DESIGN,POSTAGE
POSTAGE,COFFEE MUG APPLES DESIGN
POSTAGE,WOODLAND MINI BACKPACK
WOODLAND MINI BACKPACK,POSTAGE
STARS GIFT TAPE ,POSTAGE
POSTAGE,STARS GIFT TAPE 
BLUE POLKADOT CUP,POSTAGE
POSTAGE,COFFEE MUG PEARS  DESIGN
POSTAGE,BLUE POLKADOT CUP
COFFEE MUG PEARS  DESIGN,POSTAGE
POSTAGE,"PLASTERS IN TIN CIRCUS PARADE , ROUND SNACK BOXES SET OF4 WOODLAND "
"PLASTERS IN TIN CIRCUS PARADE , ROUND SNACK BOXES SET OF4 WOODLAND ",POSTAGE
POSTAGE,"ROUND SNACK BOXES SET OF4 WOODLAND , WOODLAND CHARLOTTE BAG"
"ROUND SNACK BOXES SET OF4 WOODLAND , WOODLAND CHARLOTTE BAG",POSTAGE
"RED RETROSPOT MINI CASES, ROUND SNACK BOXES SET OF4 WOODLAND ",POSTAGE
POSTAGE,"RED RETROSPOT MINI CASES, ROUND SNACK BOXES SET OF4 WOODLAND "
"CIRCUS PARADE LUNCH BOX , SPACEBOY LUNCH BOX ",POSTAGE
POSTAGE,"CIRCUS PARADE LUNCH BOX , SPACEBOY LUNCH BOX "
"PLASTERS IN TIN SPACEBOY, ROUND SNACK BOXES SET OF4 WOODLAND ",POSTAGE
POSTAGE,"PLASTERS IN TIN SPACEBOY, ROUND SNACK BOXES SET OF4 WOODLAND "
SET OF 2 TEA TOWELS APPLE AND PEARS,POSTAGE
POSTAGE,SET OF 2 TEA TOWELS APPLE AND PEARS
POSTAGE,"PLASTERS IN TIN CIRCUS PARADE , PLASTERS IN TIN SPACEBOY, ROUND SNACK BOXES SET OF4 WOODLAND "
POSTAGE,PACK OF 6 SKULL PAPER CUPS
PACK OF 6 SKULL PAPER CUPS,POSTAGE
"PLASTERS IN TIN CIRCUS PARADE , PLASTERS IN TIN SPACEBOY, ROUND SNACK BOXES SET OF4 WOODLAND ",POSTAGE
"PLASTERS IN TIN CIRCUS PARADE , RED TOADSTOOL LED NIGHT LIGHT",POSTAGE
"PLASTERS IN TIN WOODLAND ANIMALS, STRAWBERRY LUNCH BOX WITH CUTLERY",POSTAGE
"ROUND SNACK BOXES SET OF4 WOODLAND , SPACEBOY BIRTHDAY CARD",POSTAGE
POSTAGE,"ROUND SNACK BOXES SET OF4 WOODLAND , SPACEBOY BIRTHDAY CARD"
POSTAGE,"PLASTERS IN TIN CIRCUS PARADE , RED TOADSTOOL LED NIGHT LIGHT"
POSTAGE,"PLASTERS IN TIN WOODLAND ANIMALS, STRAWBERRY LUNCH BOX WITH CUTLERY"
"PLASTERS IN TIN WOODLAND ANIMALS, ROUND SNACK BOXES SET OF4 WOODLAND ",POSTAGE
POSTAGE,"PLASTERS IN TIN WOODLAND ANIMALS, ROUND SNACK BOXES SET OF4 WOODLAND "
POSTAGE,"ALARM CLOCK BAKELIKE RED , ROUND SNACK BOXES SET OF4 WOODLAND "
"ALARM CLOCK BAKELIKE RED , ROUND SNACK BOXES SET OF4 WOODLAND ",POSTAGE
"LUNCH BAG WOODLAND, ROUND SNACK BOXES SET OF4 WOODLAND ",POSTAGE
POSTAGE,"LUNCH BAG WOODLAND, ROUND SNACK BOXES SET OF4 WOODLAND "
POSTAGE,LUNCH BOX WITH CUTLERY RETROSPOT 
LUNCH BOX WITH CUTLERY RETROSPOT ,POSTAGE
POSTAGE,MINI LIGHTS WOODLAND MUSHROOMS
MINI LIGHTS WOODLAND MUSHROOMS,POSTAGE
POSTAGE,CHILDRENS APRON SPACEBOY DESIGN
CHILDRENS APRON SPACEBOY DESIGN,POSTAGE
POSTAGE,ASSORTED COLOUR MINI CASES
POSTAGE,PACK OF 6 SKULL PAPER PLATES
PACK OF 6 SKULL PAPER PLATES,POSTAGE
ASSORTED COLOUR MINI CASES,POSTAGE
WOODLAND PARTY BAG + STICKER SET,POSTAGE
POSTAGE,ROBOT BIRTHDAY CARD
ROBOT BIRTHDAY CARD,POSTAGE
POSTAGE,WOODLAND PARTY BAG + STICKER SET
POSTAGE,CHARLOTTE BAG APPLES DESIGN
CHARLOTTE BAG APPLES DESIGN,POSTAGE
BLUE HARMONICA IN BOX ,POSTAGE
POSTAGE,BLUE HARMONICA IN BOX 
POSTAGE,"RED TOADSTOOL LED NIGHT LIGHT, WOODLAND CHARLOTTE BAG"
JUMBO BAG PEARS,POSTAGE
POSTAGE,JUMBO BAG PEARS
"RED TOADSTOOL LED NIGHT LIGHT, WOODLAND CHARLOTTE BAG",POSTAGE
"ROUND SNACK BOXES SET OF4 WOODLAND , SPACEBOY LUNCH BOX ",POSTAGE
POSTAGE,"ROUND SNACK BOXES SET OF4 WOODLAND , SPACEBOY LUNCH BOX "
6 RIBBONS RUSTIC CHARM,POSTAGE
POSTAGE,6 RIBBONS RUSTIC CHARM
PACK OF 20 SKULL PAPER NAPKINS,POSTAGE
POSTAGE,PACK OF 20 SKULL PAPER NAPKINS
WOODLAND CHARLOTTE BAG,POSTAGE
POSTAGE,WOODLAND CHARLOTTE BAG
POSTAGE,EDWARDIAN PARASOL BLACK
EDWARDIAN PARASOL BLACK,POSTAGE
WRAP RED APPLES ,POSTAGE
POSTAGE,WRAP RED APPLES 
3 PIECE SPACEBOY COOKIE CUTTER SET,POSTAGE
POSTAGE,3 PIECE SPACEBOY COOKIE CUTTER SET
CHILDRENS CUTLERY POLKADOT PINK,POSTAGE
POSTAGE,CHILDRENS CUTLERY POLKADOT PINK
POSTAGE,"JUMBO BAG WOODLAND ANIMALS, WOODLAND CHARLOTTE BAG"
"JUMBO BAG WOODLAND ANIMALS, WOODLAND CHARLOTTE BAG",POSTAGE
"LUNCH BAG SPACEBOY DESIGN , LUNCH BAG WOODLAND",POSTAGE
POSTAGE,"LUNCH BAG SPACEBOY DESIGN , LUNCH BAG WOODLAND"
RABBIT NIGHT LIGHT,POSTAGE
POSTAGE,RABBIT NIGHT LIGHT
POSTAGE,CARD CIRCUS PARADE
CARD CIRCUS PARADE,POSTAGE
POSTAGE,PLASTERS IN TIN CIRCUS PARADE 
PLASTERS IN TIN CIRCUS PARADE ,POSTAGE
"PLASTERS IN TIN SPACEBOY, PLASTERS IN TIN WOODLAND ANIMALS, ROUND SNACK BOXES SET OF4 WOODLAND ",POSTAGE
POSTAGE,"PLASTERS IN TIN SPACEBOY, PLASTERS IN TIN WOODLAND ANIMALS, ROUND SNACK BOXES SET OF4 WOODLAND "
POSTAGE,CHILDRENS APRON APPLES DESIGN
CHILDRENS APRON APPLES DESIGN,POSTAGE
PINK  POLKADOT CUP,POSTAGE
"ALARM CLOCK BAKELIKE PINK, ROUND SNACK BOXES SET OF4 WOODLAND ",POSTAGE
POSTAGE,PINK  POLKADOT CUP
POSTAGE,"ALARM CLOCK BAKELIKE PINK, ROUND SNACK BOXES SET OF4 WOODLAND "
POSTAGE,"ASSORTED COLOUR MINI CASES, RED RETROSPOT MINI CASES"
"ASSORTED COLOUR MINI CASES, RED RETROSPOT MINI CASES",POSTAGE
"RED RETROSPOT CHARLOTTE BAG, WOODLAND CHARLOTTE BAG",POSTAGE
POSTAGE,JUMBO BAG WOODLAND ANIMALS
POSTAGE,RETROSPOT CHILDRENS APRON
POSTAGE,"RED RETROSPOT CHARLOTTE BAG, WOODLAND CHARLOTTE BAG"
RETROSPOT CHILDRENS APRON,POSTAGE
JUMBO BAG WOODLAND ANIMALS,POSTAGE
POSTAGE,TEA PARTY BIRTHDAY CARD
TEA PARTY BIRTHDAY CARD,POSTAGE
POSTAGE,"LUNCH BAG APPLE DESIGN, LUNCH BAG RED RETROSPOT"
"LUNCH BAG APPLE DESIGN, LUNCH BAG RED RETROSPOT",POSTAGE
"PLASTERS IN TIN CIRCUS PARADE , SPACEBOY LUNCH BOX ",POSTAGE
POSTAGE,"PLASTERS IN TIN CIRCUS PARADE , SPACEBOY LUNCH BOX "
POSTAGE,CHARLOTTE BAG PINK POLKADOT
CHARLOTTE BAG PINK POLKADOT,POSTAGE
"PLASTERS IN TIN CIRCUS PARADE , PLASTERS IN TIN WOODLAND ANIMALS, ROUND SNACK BOXES SET OF4 WOODLAND ",POSTAGE
POSTAGE,"PLASTERS IN TIN CIRCUS PARADE , PLASTERS IN TIN WOODLAND ANIMALS, ROUND SNACK BOXES SET OF4 WOODLAND "
POSTAGE,"PLASTERS IN TIN WOODLAND ANIMALS, REGENCY CAKESTAND 3 TIER"
"PLASTERS IN TIN WOODLAND ANIMALS, REGENCY CAKESTAND 3 TIER",POSTAGE
"PLASTERS IN TIN SPACEBOY, SPACEBOY LUNCH BOX ",POSTAGE
POSTAGE,"PLASTERS IN TIN SPACEBOY, SPACEBOY LUNCH BOX "
POSTAGE,JUMBO BAG VINTAGE DOILY 
JUMBO BAG VINTAGE DOILY ,POSTAGE
CHARLOTTE BAG SUKI DESIGN,POSTAGE
POSTAGE,CHARLOTTE BAG SUKI DESIGN
POSTAGE,PACK OF 20 NAPKINS RED APPLES
PACK OF 20 NAPKINS RED APPLES,POSTAGE
POSTAGE,SPACEBOY CHILDRENS CUP
SPACEBOY CHILDRENS CUP,POSTAGE
SPACEBOY CHILDRENS BOWL,POSTAGE
POSTAGE,SPACEBOY CHILDRENS BOWL
GUMBALL COAT RACK,POSTAGE
POSTAGE,GUMBALL COAT RACK
WOODLAND  HEIGHT CHART STICKERS ,POSTAGE
POSTAGE,WOODLAND  HEIGHT CHART STICKERS 
POSTAGE,EDWARDIAN PARASOL RED
EDWARDIAN PARASOL RED,POSTAGE
PLASTERS IN TIN SPACEBOY,POSTAGE
POSTAGE,PLASTERS IN TIN SPACEBOY
SPACEBOY BIRTHDAY CARD,POSTAGE
"LUNCH BAG SPACEBOY DESIGN , SPACEBOY LUNCH BOX ",POSTAGE
"PLASTERS IN TIN CIRCUS PARADE , PLASTERS IN TIN SPACEBOY",POSTAGE
POSTAGE,"LUNCH BAG SPACEBOY DESIGN , SPACEBOY LUNCH BOX "
POSTAGE,"PLASTERS IN TIN CIRCUS PARADE , PLASTERS IN TIN SPACEBOY"
"SPACEBOY CHILDRENS BOWL, SPACEBOY CHILDRENS CUP",POSTAGE
POSTAGE,"SPACEBOY CHILDRENS BOWL, SPACEBOY CHILDRENS CUP"
POSTAGE,SPACEBOY BIRTHDAY CARD
POSTAGE,RED RETROSPOT CUP
RED RETROSPOT CUP,POSTAGE
CHILDS BREAKFAST SET CIRCUS PARADE,POSTAGE
POSTAGE,CHILDS BREAKFAST SET CIRCUS PARADE
RED TOADSTOOL LED NIGHT LIGHT,POSTAGE
POSTAGE,RED TOADSTOOL LED NIGHT LIGHT
POSTAGE,JUMBO BAG SPACEBOY DESIGN
JUMBO BAG SPACEBOY DESIGN,POSTAGE
POSTAGE,PACK OF 12 WOODLAND TISSUES 
RED RETROSPOT CHARLOTTE BAG,POSTAGE
POSTAGE,RED RETROSPOT CHARLOTTE BAG
PACK OF 12 WOODLAND TISSUES ,POSTAGE
LUNCH BAG WOODLAND,POSTAGE
POSTAGE,LUNCH BAG WOODLAND
JUMBO BAG APPLES,POSTAGE
POSTAGE,JUMBO BAG APPLES
POSTAGE,SPACEBOY LUNCH BOX 
SPACEBOY LUNCH BOX ,POSTAGE
POSTAGE,"PLASTERS IN TIN WOODLAND ANIMALS, RED TOADSTOOL LED NIGHT LIGHT"
"PLASTERS IN TIN WOODLAND ANIMALS, RED TOADSTOOL LED NIGHT LIGHT",POSTAGE
"RABBIT NIGHT LIGHT, RED TOADSTOOL LED NIGHT LIGHT",POSTAGE
POSTAGE,"RABBIT NIGHT LIGHT, RED TOADSTOOL LED NIGHT LIGHT"
POSTAGE,RETROSPOT PARTY BAG + STICKER SET
RETROSPOT PARTY BAG + STICKER SET,POSTAGE
RED RETROSPOT MINI CASES,POSTAGE
POSTAGE,RED RETROSPOT MINI CASES
POSTAGE,DOLLY GIRL CHILDRENS BOWL
DOLLY GIRL CHILDRENS BOWL,POSTAGE
POSTAGE,PLASTERS IN TIN WOODLAND ANIMALS
PLASTERS IN TIN WOODLAND ANIMALS,POSTAGE
RED  HARMONICA IN BOX ,POSTAGE
POSTAGE,RED  HARMONICA IN BOX 
POSTAGE,SPACEBOY MINI BACKPACK
POSTAGE,"LUNCH BAG APPLE DESIGN, LUNCH BAG WOODLAND"
SPACEBOY MINI BACKPACK,POSTAGE
"LUNCH BAG APPLE DESIGN, LUNCH BAG WOODLAND",POSTAGE
POSTAGE,"PLASTERS IN TIN CIRCUS PARADE , PLASTERS IN TIN WOODLAND ANIMALS"
"PLASTERS IN TIN CIRCUS PARADE , PLASTERS IN TIN WOODLAND ANIMALS",POSTAGE
SET OF 20 KIDS COOKIE CUTTERS,POSTAGE
POSTAGE,SET OF 20 KIDS COOKIE CUTTERS
POSTAGE,LUNCH BAG APPLE DESIGN
LUNCH BAG APPLE DESIGN,POSTAGE
POSTAGE,WOODLAND DESIGN  COTTON TOTE BAG
WOODLAND DESIGN  COTTON TOTE BAG,POSTAGE
"PLASTERS IN TIN SPACEBOY, PLASTERS IN TIN WOODLAND ANIMALS",POSTAGE
POSTAGE,"PLASTERS IN TIN SPACEBOY, PLASTERS IN TIN WOODLAND ANIMALS"
POSTAGE,"PLASTERS IN TIN CIRCUS PARADE , PLASTERS IN TIN SPACEBOY, PLASTERS IN TIN WOODLAND ANIMALS"
"PLASTERS IN TIN CIRCUS PARADE , PLASTERS IN TIN SPACEBOY, PLASTERS IN TIN WOODLAND ANIMALS",POSTAGE
"RED RETROSPOT CHARLOTTE BAG, ROUND SNACK BOXES SET OF4 WOODLAND ",POSTAGE
POSTAGE,"RED RETROSPOT CHARLOTTE BAG, ROUND SNACK BOXES SET OF4 WOODLAND "
POSTAGE,SKULL LUNCH BOX WITH CUTLERY 
SKULL LUNCH BOX WITH CUTLERY ,POSTAGE
CHILDRENS CUTLERY SPACEBOY ,POSTAGE
POSTAGE,CHILDRENS CUTLERY SPACEBOY 
POSTAGE,"CHILDRENS CUTLERY DOLLY GIRL , CHILDRENS CUTLERY SPACEBOY "
"CHILDRENS CUTLERY DOLLY GIRL , CHILDRENS CUTLERY SPACEBOY ",POSTAGE
POSTAGE,RED RETROSPOT PLATE 
RED RETROSPOT PLATE ,POSTAGE
POSTAGE,PLASTERS IN TIN STRONGMAN
PLASTERS IN TIN STRONGMAN,POSTAGE
POSTAGE,CIRCUS PARADE LUNCH BOX 
CIRCUS PARADE LUNCH BOX ,POSTAGE
"PLASTERS IN TIN CIRCUS PARADE , PLASTERS IN TIN STRONGMAN",POSTAGE
POSTAGE,"PLASTERS IN TIN CIRCUS PARADE , PLASTERS IN TIN STRONGMAN"
POSTAGE,BAKING SET 9 PIECE RETROSPOT 
BAKING SET 9 PIECE RETROSPOT ,POSTAGE
POSTAGE,DOLLY GIRL CHILDRENS CUP
DOLLY GIRL CHILDRENS CUP,POSTAGE
"LUNCH BAG RED RETROSPOT, LUNCH BAG WOODLAND",POSTAGE
POSTAGE,"LUNCH BAG RED RETROSPOT, LUNCH BAG WOODLAND"
CHILDS BREAKFAST SET SPACEBOY ,POSTAGE
WATERING CAN PINK BUNNY,POSTAGE
POSTAGE,WATERING CAN PINK BUNNY
POSTAGE,CHILDS BREAKFAST SET SPACEBOY 
"SET/20 RED RETROSPOT PAPER NAPKINS , SET/6 RED SPOTTY PAPER CUPS, SET/6 RED SPOTTY PAPER PLATES",POSTAGE
POSTAGE,"SET/20 RED RETROSPOT PAPER NAPKINS , SET/6 RED SPOTTY PAPER CUPS, SET/6 RED SPOTTY PAPER PLATES"
POSTAGE,"DOLLY GIRL LUNCH BOX, SPACEBOY LUNCH BOX "
POSTAGE,CHILDRENS CUTLERY DOLLY GIRL 
CHILDRENS CUTLERY DOLLY GIRL ,POSTAGE
"DOLLY GIRL LUNCH BOX, SPACEBOY LUNCH BOX ",POSTAGE
POSTAGE,SPOTTY BUNTING
SPOTTY BUNTING,POSTAGE
POSTAGE,ALARM CLOCK BAKELIKE PINK
ALARM CLOCK BAKELIKE PINK,POSTAGE
POSTAGE,SET/6 RED SPOTTY PAPER CUPS
SET/6 RED SPOTTY PAPER CUPS,POSTAGE
"SET/20 RED RETROSPOT PAPER NAPKINS , SET/6 RED SPOTTY PAPER PLATES",POSTAGE
POSTAGE,"SET/20 RED RETROSPOT PAPER NAPKINS , SET/6 RED SPOTTY PAPER PLATES"
POSTAGE,SET OF 60 PANTRY DESIGN CAKE CASES 
SET OF 60 PANTRY DESIGN CAKE CASES ,POSTAGE
"SET/6 RED SPOTTY PAPER CUPS, SET/6 RED SPOTTY PAPER PLATES",POSTAGE
POSTAGE,"SET/6 RED SPOTTY PAPER CUPS, SET/6 RED SPOTTY PAPER PLATES"
"SET/20 RED RETROSPOT PAPER NAPKINS , SET/6 RED SPOTTY PAPER CUPS",POSTAGE
POSTAGE,"SET/20 RED RETROSPOT PAPER NAPKINS , SET/6 RED SPOTTY PAPER CUPS"
POSTAGE,SET/6 RED SPOTTY PAPER PLATES
SET/6 RED SPOTTY PAPER PLATES,POSTAGE
POSTAGE,REGENCY CAKESTAND 3 TIER
REGENCY CAKESTAND 3 TIER,POSTAGE
POSTAGE,LUNCH BOX I LOVE LONDON
POSTAGE,JUMBO BAG PINK POLKADOT
LUNCH BOX I LOVE LONDON,POSTAGE
JUMBO BAG PINK POLKADOT,POSTAGE
SET OF 4 KNICK KNACK TINS DOILY ,POSTAGE
POSTAGE,SET OF 4 KNICK KNACK TINS DOILY 
SET OF 4 PANTRY JELLY MOULDS,POSTAGE
MAGNETS PACK OF 4 SWALLOWS,POSTAGE
POSTAGE,SET OF 4 PANTRY JELLY MOULDS
POSTAGE,MAGNETS PACK OF 4 SWALLOWS
DOLLY GIRL LUNCH BOX,POSTAGE
POSTAGE,DOLLY GIRL LUNCH BOX
SET OF 10 LED DOLLY LIGHTS,POSTAGE
POSTAGE,SET OF 10 LED DOLLY LIGHTS
RED RETROSPOT PICNIC BAG,POSTAGE
POSTAGE,RED RETROSPOT PICNIC BAG
POSTAGE,"ALARM CLOCK BAKELIKE PINK, ALARM CLOCK BAKELIKE RED "
"ALARM CLOCK BAKELIKE PINK, ALARM CLOCK BAKELIKE RED ",POSTAGE
"LUNCH BAG RED RETROSPOT, LUNCH BAG SPACEBOY DESIGN ",POSTAGE
POSTAGE,"LUNCH BAG RED RETROSPOT, LUNCH BAG SPACEBOY DESIGN "
SET OF 12 MINI LOAF BAKING CASES,POSTAGE
POSTAGE,SET OF 12 MINI LOAF BAKING CASES
RED RETROSPOT BOWL,POSTAGE
POSTAGE,RED RETROSPOT BOWL
MINI PAINT SET VINTAGE ,POSTAGE
POSTAGE,MINI PAINT SET VINTAGE 
POSTAGE,CHARLOTTE BAG DOLLY GIRL DESIGN
CHARLOTTE BAG DOLLY GIRL DESIGN,POSTAGE
POSTAGE,FAWN BLUE HOT WATER BOTTLE
FAWN BLUE HOT WATER BOTTLE,POSTAGE
POSTAGE,PACK OF 60 MUSHROOM CAKE CASES
PACK OF 60 MUSHROOM CAKE CASES,POSTAGE
"PLASTERS IN TIN SPACEBOY, PLASTERS IN TIN STRONGMAN",POSTAGE
POSTAGE,"PLASTERS IN TIN SPACEBOY, PLASTERS IN TIN STRONGMAN"
SET/10 BLUE POLKADOT PARTY CANDLES,POSTAGE
POSTAGE,SET/10 BLUE POLKADOT PARTY CANDLES
POSTAGE,SET/20 RED RETROSPOT PAPER NAPKINS 
POSTAGE,JUMBO BAG RED RETROSPOT
JUMBO BAG RED RETROSPOT,POSTAGE
SET/20 RED RETROSPOT PAPER NAPKINS ,POSTAGE
POSTAGE,PAPER BUNTING RETROSPOT
PAPER BUNTING RETROSPOT,POSTAGE
POSTAGE,"PLASTERS IN TIN STRONGMAN, PLASTERS IN TIN WOODLAND ANIMALS"
POSTAGE,BAKING SET SPACEBOY DESIGN
BAKING SET SPACEBOY DESIGN,POSTAGE
LUNCH BAG SPACEBOY DESIGN ,POSTAGE
POSTAGE,4 TRADITIONAL SPINNING TOPS
POSTAGE,LUNCH BAG SPACEBOY DESIGN 
4 TRADITIONAL SPINNING TOPS,POSTAGE
"PLASTERS IN TIN STRONGMAN, PLASTERS IN TIN WOODLAND ANIMALS",POSTAGE
PANTRY SCRUBBING BRUSH,PANTRY PASTRY BRUSH
PANTRY PASTRY BRUSH,PANTRY SCRUBBING BRUSH
